,Dealer's Price:,Delivery:,Price + Delivery:,MSRP:,Location:,Mileage:,Transmission:,Exterior Color:,Interior Color:,Est. Gas Mileage*:,Battery Performance:,Engine:,Drivetrain:,Fuel Type:,VIN:,Stock #:,Condition:,Price:,Model:,Dealer Name:,Dealer Address:,Cabin Size:,NHTSA Overall Safety Rating:
0,"$67,935",$283,"$68,218","$67,935","Lamesa, TX
279 mi away",15 miles,8-Speed Automatic,Bright White Clearcoat,Black,"20 MPG City
20 MPG Highway
20 MPG Combined","2.4 hr charge time, 21 mi range",375 hp 2L I4,Four-Wheel Drive,Gasoline,1C4JJXR61NW152861,NW152861,New,"$68,218",Wrangler,Premier CDJR of Lamesa,"1611 Lubbock Hwy Lamesa, TX 79331",,
1,"$69,920",,,"$69,920","Prosper, TX
35 mi away",---,8-Speed Automatic,Sting-Gray Clearcoat,Black,"20 MPG City
20 MPG Highway
20 MPG Combined","2.4 hr charge time, 21 mi range",375 hp 2L I4,Four-Wheel Drive,Gasoline,1C4JJXR64NW108322,NW108322,New,"$69,920",Wrangler,Shottenkirk Prosper Chrysler Dodge Jeep Ram,"2550 W University Dr Prosper, TX 75078",,
2,"$68,090",$448,"$68,539","$70,225","Lake Charles, LA
294 mi away",---,8-Speed Automatic,Sting-Gray Clearcoat,Black,"20 MPG City
20 MPG Highway
20 MPG Combined","2.4 hr charge time, 21 mi range",375 hp 2L I4,Four-Wheel Drive,Gasoline,1C4JJXR66NW214819,NW214819,New,"$68,539",Wrangler,Mark Dodge,"3777 Gerstner Memorial Blvd Lake Charles, LA 70607",,
3,"$68,700",,,"$68,700","Ennis, TX
43 mi away",3 miles,8-Speed Automatic,Black Clearcoat,Black,"20 MPG City
20 MPG Highway
20 MPG Combined","2.4 hr charge time, 21 mi range",375 hp 2L I4,Four-Wheel Drive,Gasoline,1C4JJXR6XNW108101,R220239,New,"$68,700",Wrangler,Pegasus CDJR,"305 South Interstate Highway 45 Ennis, TX 75119",,
4,"$68,287",$448,"$68,736","$70,445","Lake Charles, LA
294 mi away",---,8-Speed Automatic,Sarge Green Clearcoat,Black,"20 MPG City
20 MPG Highway
20 MPG Combined","2.4 hr charge time, 21 mi range",375 hp 2L I4,Four-Wheel Drive,Gasoline,1C4JJXR6XNW239562,NW239562,New,"$68,736",Wrangler,Mark Dodge,"3777 Gerstner Memorial Blvd Lake Charles, LA 70607",,
5,"$68,445",$448,"$68,894","$70,620","Lake Charles, LA
294 mi away",---,8-Speed Automatic,Black Clearcoat,Black,"20 MPG City
20 MPG Highway
20 MPG Combined","2.4 hr charge time, 21 mi range",375 hp 2L I4,Four-Wheel Drive,Gasoline,1C4JJXR6XNW245653,NW245653,New,"$68,894",Wrangler,Mark Dodge,"3777 Gerstner Memorial Blvd Lake Charles, LA 70607",,
6,"$69,952",$448,"$70,401","$72,295","Lake Charles, LA
294 mi away",---,8-Speed Automatic,Hydro Blue Pearl Coat,Black,"20 MPG City
20 MPG Highway
20 MPG Combined","2.4 hr charge time, 21 mi range",375 hp 2L I4,Four-Wheel Drive,Gasoline,1C4JJXR6XNW233776,NW233776,New,"$70,401",Wrangler,Mark Dodge,"3777 Gerstner Memorial Blvd Lake Charles, LA 70607",,
7,"$70,475",,,"$70,475","Arlington, TX
7 mi away",---,8-Speed Automatic,Bright White Clearcoat,White (Alx9),"20 MPG City
20 MPG Highway
20 MPG Combined","2.4 hr charge time, 21 mi range",375 hp 2L I4,Four-Wheel Drive,Gasoline,1C4JJXR62NW270773,53076948,New,"$70,475",Wrangler,Classic Chrysler Dodge Jeep Ram Fiat,"1111 E Interstate 20 Arlington, TX 76018",,
8,"$70,870",,,"$70,870","Arlington, TX
7 mi away",---,8-Speed Automatic,Sting-Gray Clearcoat,Gray (Alx9),"20 MPG City
20 MPG Highway
20 MPG Combined","2.4 hr charge time, 21 mi range",375 hp 2L I4,Four-Wheel Drive,Gasoline,1C4JJXR61NW274197,53076950,New,"$70,870",Wrangler,Classic Chrysler Dodge Jeep Ram Fiat,"1111 E Interstate 20 Arlington, TX 76018",,
9,"$71,182",$448,"$71,631","$73,660","Lake Charles, LA
294 mi away",---,8-Speed Automatic,Black Clearcoat,Black,"20 MPG City
20 MPG Highway
20 MPG Combined","2.4 hr charge time, 21 mi range",375 hp 2L I4,Four-Wheel Drive,Gasoline,1C4JJXR69NW249709,NW249709,New,"$71,631",Wrangler,Mark Dodge,"3777 Gerstner Memorial Blvd Lake Charles, LA 70607",,
10,"$71,817",$448,"$72,266","$74,365","Lake Charles, LA
294 mi away",---,8-Speed Automatic,Gray (Granite Crystal Metallic Clearcoat),Black,"20 MPG City
20 MPG Highway
20 MPG Combined","2.4 hr charge time, 21 mi range",375 hp 2L I4,Four-Wheel Drive,Gasoline,1C4JJXR64NW158590,NW158590,New,"$72,266",Wrangler,Mark Dodge,"3777 Gerstner Memorial Blvd Lake Charles, LA 70607",,
11,"$72,351",$448,"$72,800","$74,960","Lake Charles, LA
294 mi away",---,8-Speed Automatic,Sarge Green Clearcoat,Black,"20 MPG City
20 MPG Highway
20 MPG Combined","2.4 hr charge time, 21 mi range",375 hp 2L I4,Four-Wheel Drive,Gasoline,1C4JJXR68NW245652,NW245652,New,"$72,800",Wrangler,Mark Dodge,"3777 Gerstner Memorial Blvd Lake Charles, LA 70607",,
12,No Price Listed,,,Not Provided,"Waxahachie, TX
28 mi away",0 miles,,Gray (Granite Crystal Metallic Clear-Coat Exterior Paint),,"20 MPG City
20 MPG Highway
20 MPG Combined","2.4 hr charge time, 21 mi range",375 hp 2L I4,Four-Wheel Drive,Gasoline,1C4JJXP62NW205277,,New,4WD,Wrangler,Waxahachie Dodge Chrysler Jeep,"2405 N Interstate 35 E Waxahachie, TX 75167",,
13,No Price Listed,,,Not Provided,"Waxahachie, TX
28 mi away",0 miles,,Black Clear-Coat Exterior Paint,,"20 MPG City
20 MPG Highway
20 MPG Combined","2.4 hr charge time, 21 mi range",375 hp 2L I4,Four-Wheel Drive,Gasoline,1C4JJXP65NW227967,,New,4WD,Wrangler,Waxahachie Dodge Chrysler Jeep,"2405 N Interstate 35 E Waxahachie, TX 75167",,
14,No Price Listed,,,Not Provided,"Waxahachie, TX
28 mi away",0 miles,,Sting-Gray Clear-Coat Exterior Paint,,"20 MPG City
20 MPG Highway
20 MPG Combined","2.4 hr charge time, 21 mi range",375 hp 2L I4,Four-Wheel Drive,Gasoline,1C4JJXP66NW197989,,New,4WD,Wrangler,Waxahachie Dodge Chrysler Jeep,"2405 N Interstate 35 E Waxahachie, TX 75167",,
15,No Price Listed,,,Not Provided,"Waxahachie, TX
28 mi away",0 miles,,Black Clear-Coat Exterior Paint,,"20 MPG City
20 MPG Highway
20 MPG Combined","2.4 hr charge time, 21 mi range",375 hp 2L I4,Four-Wheel Drive,Gasoline,1C4JJXP61NW227951,,New,4WD,Wrangler,Waxahachie Dodge Chrysler Jeep,"2405 N Interstate 35 E Waxahachie, TX 75167",,
16,No Price Listed,,,"$62,460","Lewisville, TX
21 mi away",5 miles,8-Speed Automatic,Silver Zynith Clearcoat,Black,"20 MPG City
20 MPG Highway
20 MPG Combined","2.4 hr charge time, 21 mi range",375 hp 2L I4,Four-Wheel Drive,Gasoline,1C4JJXP67NW249324,22WG1396,New,4WD,Wrangler,Huffines Chrysler Jeep Dodge Ram Lewisville,"1024 S Stemmons Fwy Lewisville, TX 75067",,
17,No Price Listed,,,"$62,460","Lewisville, TX
21 mi away",5 miles,8-Speed Automatic,Black Clearcoat,Black,"20 MPG City
20 MPG Highway
20 MPG Combined","2.4 hr charge time, 21 mi range",375 hp 2L I4,Four-Wheel Drive,Gasoline,1C4JJXP65NW249323,22WG1397,New,4WD,Wrangler,Huffines Chrysler Jeep Dodge Ram Lewisville,"1024 S Stemmons Fwy Lewisville, TX 75067",,
18,No Price Listed,,,"$61,170","Lewisville, TX
21 mi away",5 miles,8-Speed Automatic,Sting-Gray Clearcoat,Black,"20 MPG City
20 MPG Highway
20 MPG Combined","2.4 hr charge time, 21 mi range",375 hp 2L I4,Four-Wheel Drive,Gasoline,1C4JJXP60NW231487,22WG1526,New,4WD,Wrangler,Huffines Chrysler Jeep Dodge Ram Lewisville,"1024 S Stemmons Fwy Lewisville, TX 75067",,
19,No Price Listed,,,"$61,170","Lewisville, TX
21 mi away",5 miles,8-Speed Automatic,Black Clearcoat,Black,"20 MPG City
20 MPG Highway
20 MPG Combined","2.4 hr charge time, 21 mi range",375 hp 2L I4,Four-Wheel Drive,Gasoline,1C4JJXP69NW231486,22WG1546,New,4WD,Wrangler,Huffines Chrysler Jeep Dodge Ram Lewisville,"1024 S Stemmons Fwy Lewisville, TX 75067",,
20,No Price Listed,,,"$61,070","Lewisville, TX
21 mi away",5 miles,8-Speed Automatic,Bright White Clearcoat,Dark Saddle/Black,"20 MPG City
20 MPG Highway
20 MPG Combined","2.4 hr charge time, 21 mi range",375 hp 2L I4,Four-Wheel Drive,Gasoline,1C4JJXP65NW207637,22WG1547,New,4WD,Wrangler,Huffines Chrysler Jeep Dodge Ram Lewisville,"1024 S Stemmons Fwy Lewisville, TX 75067",,
21,No Price Listed,,,"$62,565","Dallas, TX
18 mi away",---,8-Speed Automatic,Gray (Granite Crystal Metallic Clearcoat),Black,"20 MPG City
20 MPG Highway
20 MPG Combined","2.4 hr charge time, 21 mi range",375 hp 2L I4,Four-Wheel Drive,Gasoline,1C4JJXP69NW178174,NW178174,New,4WD,Wrangler,Uptown Chrysler Dodge Jeep Ram Fiat,"2800 W Mockingbird Ln Dallas, TX 75235",,
22,No Price Listed,,,"$66,145","Plano, TX
27 mi away",---,8-Speed Automatic,Silver Zynith Clearcoat,Black,"20 MPG City
20 MPG Highway
20 MPG Combined","2.4 hr charge time, 21 mi range",375 hp 2L I4,Four-Wheel Drive,Gasoline,1C4JJXP66NW124959,22J0275,New,4WD,Wrangler,Huffines Chrysler Jeep Dodge Ram Plano,"4500 W Plano Pkwy Plano, TX 75093",,
23,"$40,869",Free,"$40,869","$40,869","Altus, OK
179 mi away",13 miles,Automatic,White,Black,"18 MPG City
24 MPG Highway
20 MPG Combined",,348 hp 3.5L V6,4X2,Gasoline,5TFKB5AA2NX012107,NX012107,New,"$40,869",Tundra,Four Stars Toyota,"2600 E Broadway St Altus, OK 73521",Crew Cab,
24,"$47,511",,,"$47,511","Mckinney, TX
40 mi away",5 miles,Automatic,Celestial Silver Metallic,Silver (Boulder),"18 MPG City
24 MPG Highway
20 MPG Combined",,389 hp 3.5L V6,4X2,Gasoline,5TFLA5AB9NX008331,33508261Z,New,"$47,511",Tundra,Pat Lobb Toyota of McKinney,"3350 S Central Expy Mckinney, TX 75070",Large Crew Cab,
25,"$47,892",,,"$47,892","Weatherford, TX
32 mi away",6 miles,Automatic,White,,"18 MPG City
24 MPG Highway
20 MPG Combined",,389 hp 3.5L V6,4X2,Gasoline,5TFLA5BC2NX001986,NX001986,New,"$47,892",Tundra,Shottenkirk Toyota Weatherford,"3131 Fort Worth Hwy Weatherford, TX 76087",Large Crew Cab,
26,"$48,957",,,"$48,957","Arlington, TX
4 mi away",1 miles,Automatic,Army Green,,"18 MPG City
24 MPG Highway
20 MPG Combined",,389 hp 3.5L V6,4X2,Gasoline,5TFLA5AB3NX111468,B11A468,New,"$48,957",Tundra,Family Toyota of Arlington,"1661 Wet N Wild Way Arlington, TX 76011",Large Crew Cab,
27,"$50,073",,,"$48,957","Grapevine, TX
13 mi away",0 miles,Automatic,Midnight Black,Black (BOULDER),"18 MPG City
24 MPG Highway
20 MPG Combined",,389 hp 3.5L V6,4X2,Gasoline,5TFLA5AB3NX012214,NX012214,New,"$50,073",Tundra,Texas Toyota of Grapevine,"701 E State Highway 114 Grapevine, TX 76092",Large Crew Cab,
28,"$50,073",,,"$48,957","Grapevine, TX
13 mi away",0 miles,Automatic,White,BLACK FABRIC,"18 MPG City
24 MPG Highway
20 MPG Combined",,389 hp 3.5L V6,4X2,Gasoline,5TFLA5AB3NX012830,NX012830,New,"$50,073",Tundra,Texas Toyota of Grapevine,"701 E State Highway 114 Grapevine, TX 76092",Large Crew Cab,
29,"$50,312",,,"$50,312","Dallas, TX
29 mi away",13 miles,Automatic,Magnetic Gray Metallic,Gray (Boulder Fabric),"17 MPG City
23 MPG Highway
19 MPG Combined",,389 hp 3.5L V6,Four-Wheel Drive,Gasoline,5TFLA5EC0NX007782,NX007782,New,"$50,312",Tundra,Sport City Toyota,"12650 Lyndon B Johnson Fwy Dallas, TX 75228",Large Crew Cab,
30,"$51,376",,,"$51,376","Mckinney, TX
40 mi away",5 miles,Automatic,Magnetic Gray Metallic,Black,"18 MPG City
24 MPG Highway
20 MPG Combined",,389 hp 3.5L V6,4X2,Gasoline,5TFLA5AB3NX009930,33508261Z,New,"$51,376",Tundra,Pat Lobb Toyota of McKinney,"3350 S Central Expy Mckinney, TX 75070",Large Crew Cab,
31,"$51,957",,,"$51,957","Granbury, TX
38 mi away",6 miles,Automatic,Black,,"17 MPG City
23 MPG Highway
19 MPG Combined",,389 hp 3.5L V6,Four-Wheel Drive,Gasoline,5TFLA5DB4NX040258,NX040258,New,"$51,957",Tundra,Shottenkirk Toyota Granbury,"5100 East US Hwy 377 Granbury, TX 76049",Large Crew Cab,
32,"$51,957",,,"$51,957","Weatherford, TX
32 mi away",6 miles,Automatic,Gray,,"17 MPG City
23 MPG Highway
19 MPG Combined",,389 hp 3.5L V6,Four-Wheel Drive,Gasoline,5TFLA5DB0NX039494,NX039494,New,"$51,957",Tundra,Shottenkirk Toyota Weatherford,"3131 Fort Worth Hwy Weatherford, TX 76087",Large Crew Cab,
33,"$51,957",,,"$51,957","Weatherford, TX
32 mi away",6 miles,Automatic,Silver,,"17 MPG City
23 MPG Highway
19 MPG Combined",,389 hp 3.5L V6,Four-Wheel Drive,Gasoline,5TFLA5DB7NX039427,NX039427,New,"$51,957",Tundra,Shottenkirk Toyota Weatherford,"3131 Fort Worth Hwy Weatherford, TX 76087",Large Crew Cab,
34,"$51,965",,,"$51,965","Granbury, TX
38 mi away",6 miles,Automatic,Gray,,"18 MPG City
24 MPG Highway
20 MPG Combined",,389 hp 3.5L V6,4X2,Gasoline,5TFLA5AB5NX012196,NX012196,New,"$51,965",Tundra,Shottenkirk Toyota Granbury,"5100 East US Hwy 377 Granbury, TX 76049",Large Crew Cab,
35,"$53,073",,,"$51,957","Grapevine, TX
13 mi away",0 miles,Automatic,Midnight Black,Black,"17 MPG City
23 MPG Highway
19 MPG Combined",,389 hp 3.5L V6,Four-Wheel Drive,Gasoline,5TFLA5DB7NX035412,NX035412,New,"$53,073",Tundra,Texas Toyota of Grapevine,"701 E State Highway 114 Grapevine, TX 76092",Large Crew Cab,
36,"$56,847",,,"$55,731","Grapevine, TX
13 mi away",0 miles,Automatic,White,White (BOULDER),"17 MPG City
23 MPG Highway
19 MPG Combined",,389 hp 3.5L V6,Four-Wheel Drive,Gasoline,5TFLA5DB6NX038463,NX038463,New,"$56,847",Tundra,Texas Toyota of Grapevine,"701 E State Highway 114 Grapevine, TX 76092",Large Crew Cab,
37,"$57,936",,,"$57,936","Granbury, TX
38 mi away",6 miles,Automatic,White,,"17 MPG City
23 MPG Highway
19 MPG Combined",,389 hp 3.5L V6,Four-Wheel Drive,Gasoline,5TFJA5DB2NX039049,NX039049,New,"$57,936",Tundra,Shottenkirk Toyota Granbury,"5100 East US Hwy 377 Granbury, TX 76049",Large Crew Cab,
38,"$60,281",,,"$60,281","Granbury, TX
38 mi away",6 miles,Automatic,Brown,,"17 MPG City
23 MPG Highway
19 MPG Combined",,389 hp 3.5L V6,Four-Wheel Drive,Gasoline,5TFJA5DB9NX038318,NX038318,New,"$60,281",Tundra,Shottenkirk Toyota Granbury,"5100 East US Hwy 377 Granbury, TX 76049",Large Crew Cab,
39,"$61,248",,,"$61,248","Weatherford, TX
32 mi away",6 miles,Automatic,Red,,"17 MPG City
23 MPG Highway
19 MPG Combined",,389 hp 3.5L V6,Four-Wheel Drive,Gasoline,5TFJA5DB6NX040415,NX040415,New,"$61,248",Tundra,Shottenkirk Toyota Weatherford,"3131 Fort Worth Hwy Weatherford, TX 76087",Large Crew Cab,
40,"$62,845",,,"$61,729","Grapevine, TX
13 mi away",0 miles,Automatic,Celestial Silver,Brown (SADDLE TAN),"18 MPG City
24 MPG Highway
20 MPG Combined",,389 hp 3.5L V6,4X2,Gasoline,5TFMA5AB2NX011222,NX011222,New,"$62,845",Tundra,Texas Toyota of Grapevine,"701 E State Highway 114 Grapevine, TX 76092",Large Crew Cab,
41,"$65,281",,,"$64,165","Grapevine, TX
13 mi away",0 miles,Automatic,Magnetic Gray,Gray (CREAM LEATHER),"17 MPG City
23 MPG Highway
19 MPG Combined",,389 hp 3.5L V6,Four-Wheel Drive,Gasoline,5TFMA5EC8NX21A301,NX21A301,New,"$65,281",Tundra,Texas Toyota of Grapevine,"701 E State Highway 114 Grapevine, TX 76092",Large Crew Cab,
42,"$66,042",,,"$66,042","Weatherford, TX
32 mi away",6 miles,Automatic,White,,"17 MPG City
23 MPG Highway
19 MPG Combined",,389 hp 3.5L V6,Four-Wheel Drive,Gasoline,5TFMA5EC4NX007336,NX007336,New,"$66,042",Tundra,Shottenkirk Toyota Weatherford,"3131 Fort Worth Hwy Weatherford, TX 76087",Large Crew Cab,
43,"$68,343",,,"$67,227","Grapevine, TX
13 mi away",0 miles,Automatic,Celestial Silver,Silver (CREAM),"17 MPG City
23 MPG Highway
19 MPG Combined",,389 hp 3.5L V6,Four-Wheel Drive,Gasoline,5TFMA5DB0NX039001,NX039001,New,"$68,343",Tundra,Texas Toyota of Grapevine,"701 E State Highway 114 Grapevine, TX 76092",Large Crew Cab,
44,"$68,768",,,"$67,652","Grapevine, TX
13 mi away",0 miles,Automatic,WHITE.PEA,CREAM LEATHER,"17 MPG City
23 MPG Highway
19 MPG Combined",,389 hp 3.5L V6,Four-Wheel Drive,Gasoline,5TFMA5DB1NX040884,NX040884,New,"$68,768",Tundra,Texas Toyota of Grapevine,"701 E State Highway 114 Grapevine, TX 76092",Large Crew Cab,
45,"$77,922",,,"$77,922","Weatherford, TX
32 mi away",6 miles,Automatic,Gray,,"17 MPG City
23 MPG Highway
19 MPG Combined",,437 hp 3.5L V6 Hybrid,Four-Wheel Drive,Hybrid,5TFVC5DB1NX003705,NX003705,New,"$77,922",Tundra,Shottenkirk Toyota Weatherford,"3131 Fort Worth Hwy Weatherford, TX 76087",Large Crew Cab,
46,"$78,347",,,"$78,347","Lewisville, TX
20 mi away",5 miles,Automatic,White (CHILL),,"17 MPG City
23 MPG Highway
19 MPG Combined",,437 hp 3.5L V6 Hybrid,Four-Wheel Drive,Hybrid,5TFVC5DB7NX003594,NX003597,New,"$78,347",Tundra,Lone Star Toyota of Lewisville,"1547 S. Stemmons Frwy. Lewisville, TX 75067",Large Crew Cab,
47,No Price Listed,,,Not Provided,"Richardson, TX
28 mi away",3 miles,,Blueprint,Black,"18 MPG City
24 MPG Highway
20 MPG Combined",,389 hp 3.5L V6,4X2,Gasoline,5TFLA5AB1NX011210,NX011210,New,RWD,Tundra,Toyota of Richardson,"1221 N Central Expressway Richardson, TX 75080",Large Crew Cab,
48,No Price Listed,,,Not Provided,"Richardson, TX
28 mi away",25 miles,,Blueprint,Gray,"18 MPG City
24 MPG Highway
20 MPG Combined",,389 hp 3.5L V6,4X2,Gasoline,5TFLA5AB3NX011693,NX011693,New,RWD,Tundra,Toyota of Richardson,"1221 N Central Expressway Richardson, TX 75080",Large Crew Cab,
49,No Price Listed,,,Not Provided,"Dallas, TX
19 mi away",---,Automatic,Midnight Black,Black (Blk Fabric),"18 MPG City
24 MPG Highway
20 MPG Combined",,389 hp 3.5L V6,4X2,Gasoline,5TFLA5AA2NX011787,NX011787,New,RWD,Tundra,South Toyota,"39660 Lyndon B Johnson Fwy Dallas, TX 75237",Crew Cab,
50,"$32,020",$205,"$32,225",Not Provided,"Cleveland, TX
206 mi away",0 miles,Automatic,CACTUS GRAY,STONE/BLACK,,,310 hp 2.7L V6,,Gasoline,1FMEE5DP8NLB35076,F11676,New,"$32,225",Bronco,DeMontrond Ford,"3944 US 59 S Cleveland, TX 77328",,
51,"$40,470",$205,"$40,675",Not Provided,"Cleveland, TX
206 mi away",0 miles,,Blue (AREA 51),GRAY/BLACK,,,270 hp 2.3L I4,,Gasoline,1FMDE5BH9NLB12171,F11583,New,"$40,675",Bronco,DeMontrond Ford,"3944 US 59 S Cleveland, TX 77328",,
52,"$42,015",$205,"$42,220",Not Provided,"Cleveland, TX
206 mi away",0 miles,,Blue (AREA 51),GRAY/BLACK,,,270 hp 2.3L I4,,Gasoline,1FMDE5BH9NLB13062,F11684,New,"$42,220",Bronco,DeMontrond Ford,"3944 US 59 S Cleveland, TX 77328",,
53,"$44,495",$205,"$44,700",Not Provided,"Cleveland, TX
206 mi away",0 miles,Automatic,CYBER ORANGE,VINYL BLACK,,,310 hp 2.7L V6,,Gasoline,1FMDE5CP1NLB31612,F11678,New,"$44,700",Bronco,DeMontrond Ford,"3944 US 59 S Cleveland, TX 77328",,
54,"$46,520",,,"$46,520","San Marcos, TX
46 mi away",10 miles,,Blue (Area 51),Blue (SV),,,270 hp 2.3L I4,Four-Wheel Drive,Gasoline,1FMDE5BH2NLB33377,33377N,New,"$46,520",Bronco,Griffith Ford San Marcos,"2661 N Interstate 35 San Marcos, TX 78666",,
55,"$62,955",$206,"$63,162","$52,955","Gladewater, TX
297 mi away",10 miles,Automatic,Velocity Blue Metallic,Blue (Roast),"20 MPG City
21 MPG Highway
20 MPG Combined",,270 hp 2.3L I4,Four-Wheel Drive,Gasoline,1FMDE5BH4NLA82318,22T219,New,"$63,162",Bronco,"J.O. Williams Motors, Inc.","419 E Broadway Ave. Gladewater, TX 75647",,
56,"$54,270",,,"$54,270","San Marcos, TX
46 mi away",10 miles,,Shadow Black,Black (PV),"19 MPG City
20 MPG Highway
19 MPG Combined",,310 hp 2.7L V6,Four-Wheel Drive,Gasoline,1FMEE5DP6NLB31740,31740N,New,"$54,270",Bronco,Griffith Ford San Marcos,"2661 N Interstate 35 San Marcos, TX 78666",,
57,"$54,920",,,"$54,920","San Marcos, TX
46 mi away",10 miles,,Shadow Black,Black (RV),,,310 hp 2.7L V6,Four-Wheel Drive,Gasoline,1FMEE5DP4NLB25337,25337N,New,"$54,920",Bronco,Griffith Ford San Marcos,"2661 N Interstate 35 San Marcos, TX 78666",,
58,"$55,725",,,"$55,725","San Marcos, TX
46 mi away",10 miles,,Iconic Silver Metallic,Silver (2V),,,310 hp 2.7L V6,Four-Wheel Drive,Gasoline,1FMEE5DP3NLB09887,09887N,New,"$55,725",Bronco,Griffith Ford San Marcos,"2661 N Interstate 35 San Marcos, TX 78666",,
59,"$56,590",$205,"$56,795",Not Provided,"Cleveland, TX
206 mi away",3 miles,Automatic,VELOCITY BLUE,Blue (SANDSTONE),,,310 hp 2.7L V6,,Gasoline,1FMEE5DP4NLB30943,F11665,New,"$56,795",Bronco,DeMontrond Ford,"3944 US 59 S Cleveland, TX 77328",,
60,"$57,235",,,"$57,235","Devine, TX
34 mi away",0 miles,Automatic,Silver Metallic,Black (Med S&Stone W/Blk),,,310 hp 2.7L V6,,Gasoline,1FMEE5DP0NLA73236,23034,New,"$57,235",Bronco,Chaparral Ford Inc.,"102 County Road 773 Devine, TX 78016",,
61,"$57,590",Free,"$57,590",Not Provided,,269 miles,Automatic,Blue,Black,"20 MPG City
21 MPG Highway
20 MPG Combined",,270 hp 2.3L I4,Four-Wheel Drive,Gasoline,1FMDE5BH2NLA83712,2001825017,New,"$57,590",Bronco,Carvana,"102 County Road 773 Devine, TX 78016",,
62,"$63,245",,,"$63,245","San Marcos, TX
46 mi away",10 miles,,Race Red,Red (TV),"19 MPG City
20 MPG Highway
19 MPG Combined",,310 hp 2.7L V6,Four-Wheel Drive,Gasoline,1FMEE5DP1NLB31435,31435N,New,"$63,245",Bronco,Griffith Ford San Marcos,"2661 N Interstate 35 San Marcos, TX 78666",,
63,"$64,185",,,"$64,185","San Marcos, TX
46 mi away",10 miles,,Cactus Gray,Gray (8V),,,310 hp 2.7L V6,Four-Wheel Drive,Gasoline,1FMEE5DP3NLB32912,32912N,New,"$64,185",Bronco,Griffith Ford San Marcos,"2661 N Interstate 35 San Marcos, TX 78666",,
64,"$68,990",Free,"$68,990",Not Provided,,58 miles,Automatic,Green,Black,"17 MPG City
17 MPG Highway
17 MPG Combined",,310 hp 2.7L V6,Four-Wheel Drive,Gasoline,1FMEE5DP0NLA79277,2001901672,New,"$68,990",Bronco,Carvana,"2661 N Interstate 35 San Marcos, TX 78666",,
65,"$69,990","$1,182","$71,172",Not Provided,"Lincoln, NE
789 mi away",66 miles,Automatic,Velocity Blue,,,,270 hp 2.3L I4,,Gasoline,1FMDE5BH6NLB13259,1060,New,"$71,172",Bronco,Electro Car,"2000 Southwest 5th Street Lincoln, NE 68522",,
66,"$72,990",Free,"$72,990",Not Provided,,74 miles,Automatic,Blue,Black,"17 MPG City
17 MPG Highway
17 MPG Combined",,310 hp 2.7L V6,Four-Wheel Drive,Gasoline,1FMEE5DP2NLB05930,2001809560,New,"$72,990",Bronco,Carvana,"2000 Southwest 5th Street Lincoln, NE 68522",,
67,"$99,998","$2,041","$102,039",Not Provided,"Ft. Lauderdale, FL
1,136 mi away",---,Automatic,,,"20 MPG City
21 MPG Highway
20 MPG Combined",,270 hp 2.3L I4,Four-Wheel Drive,Gasoline,1FMDE5BH8NLA99865,A99865,New,"$102,039",Bronco,Carrio MotorCars,"5120 N State Road 7 Ft. Lauderdale, FL 33319",,
68,No Price Listed,,,Not Provided,"Boerne, TX
26 mi away",0 miles,Automatic,Red,Red (Pv),"19 MPG City
20 MPG Highway
19 MPG Combined",,310 hp 2.7L V6,Four-Wheel Drive,Gasoline,1FMDE5CP4NLB41261,220742,New,4WD,Bronco,Ford of Boerne,"31480 IH 10 west Boerne, TX 78006",,
69,No Price Listed,,,"$55,500","Boerne, TX
26 mi away",6 miles,Automatic,Gray,Gray (2v),"19 MPG City
20 MPG Highway
19 MPG Combined",,310 hp 2.7L V6,Four-Wheel Drive,Gasoline,1FMEE5DP6NLA84810,220338,New,4WD,Bronco,Ford of Boerne,"31480 IH 10 west Boerne, TX 78006",,
70,"$41,990",Free,"$41,990",Not Provided,,193 miles,8-Speed Automatic,Gray,Gray,"22 MPG City
29 MPG Highway
25 MPG Combined",,250 hp 2L I4,All-Wheel Drive,Gasoline,3FTTW8F98NRA45047,2001820371,New,"$41,990",Maverick,Carvana,"31480 IH 10 west Boerne, TX 78006",Crew Cab,
71,"$42,990",Free,"$42,990",Not Provided,,229 miles,8-Speed Automatic,Blue,Black,"22 MPG City
29 MPG Highway
25 MPG Combined",,250 hp 2L I4,All-Wheel Drive,Gasoline,3FTTW8F99NRA41511,2001774094,New,"$42,990",Maverick,Carvana,"31480 IH 10 west Boerne, TX 78006",Crew Cab,
72,"$43,590",Free,"$43,590",Not Provided,,58 miles,8-Speed Automatic,Gray,Gray,"22 MPG City
29 MPG Highway
25 MPG Combined",,250 hp 2L I4,All-Wheel Drive,Gasoline,3FTTW8F98NRA53665,2001829203,New,"$43,590",Maverick,Carvana,"31480 IH 10 west Boerne, TX 78006",Crew Cab,
73,"$110,295",,,"$110,295","Villa Park, IL
1,037 mi away",8 miles,1-Speed Automatic,Interstellar White,Lunar Horizon (Jet Black/light Grey) Premium Leath,,"16 hr charge time, 329 mi range",,All-Wheel Drive,Electric,1GT40FDA4NU100450,B44982,New,"$110,295",Hummer,Haggerty Buick GMC Inc,"300 W Roosevelt Rd Villa Park, IL 60181",Crew Cab,
74,"$110,295",,,"$110,295","Burley, ID
1,243 mi away",10 miles,1-Speed Automatic,Interstellar White,Lunar Horizon (Jet Black/Light Grey),,"16 hr charge time, 329 mi range",,All-Wheel Drive,Electric,1GT40FDA6NU100367,9N457,New,"$110,295",Hummer,Haggerty Buick GMC Inc,"300 W Roosevelt Rd Villa Park, IL 60181",Crew Cab,
75,"$111,144",,,"$111,144","Portland, OR
1,722 mi away",8 miles,Automatic,INTERSTELLAR WHITE,JET BLACK/LIGHT GREY,,"16 hr charge time, 329 mi range",,All-Wheel Drive,Electric,1GT40FDA2NU100253,NU100253,New,"$111,144",Hummer,Buick GMC of Beaverton,"9155 SW Canyon Road Portland, OR 97225",Crew Cab,
76,"$112,839",,,"$112,839","Houston, TX
174 mi away",13 miles,Automatic,Interstellar White,Lunar Horizon (Jet Black/Light Grey),,"16 hr charge time, 329 mi range",,All-Wheel Drive,Electric,1GT40FDA3NU100794,NU100794,New,"$112,839",Hummer,Sterling McCall Buick GMC,"10422 Southwest Fwy Building D Houston, TX 77074",Crew Cab,
77,"$113,744",,,"$113,744","Anaheim, CA
1,180 mi away",5 miles,1-Speed Automatic,Interstellar White,Lunar Horizon (Jet Black/Light Grey),,"16 hr charge time, 329 mi range",,All-Wheel Drive,Electric,1GT40FDAXNU100422,22T00422,New,"$113,744",Hummer,Hardin Buick GMC,"1321 Auto Center Dr Anaheim, CA 92806",Crew Cab,
78,No Price Listed,,,Not Provided,"Tampa, FL
981 mi away",5 miles,1-Speed Automatic,Interstellar White,Lunar Horizon (Jet Black/light Grey),,"16 hr charge time, 329 mi range",,All-Wheel Drive,Electric,1GT40FDAXNU100341,N1591,New,AWD,Hummer,Rivard Buick GMC,"9740 Adamo Dr Tampa, FL 33619",Crew Cab,
79,"$114,290",,,"$114,290","Twin Falls, ID
1,270 mi away",5 miles,1-Speed Automatic,Interstellar White,Lunar Horizon (Jet Black/light Grey) Premium Leath,,"16 hr charge time, 329 mi range",,All-Wheel Drive,Electric,1GT40FDA8NU100645,G22158,New,"$114,290",Hummer,Rivard Buick GMC,"9740 Adamo Dr Tampa, FL 33619",Crew Cab,
80,"$114,590",,,"$114,590","Houston, TX
174 mi away",11 miles,Automatic,Interstellar White,Lunar Horizon (Jet Black/Light Grey),,"16 hr charge time, 329 mi range",,All-Wheel Drive,Electric,1GT40FDA6NU100305,NU100305,New,"$114,590",Hummer,Sterling McCall Buick GMC,"10422 Southwest Fwy Building D Houston, TX 77074",Crew Cab,
81,"$115,139",,,"$115,139","Olathe, KS
683 mi away",0 miles,1-Speed Automatic,Interstellar White,Lunar Horizon (Jet Black/light Grey) Premium Leath,,"16 hr charge time, 329 mi range",,All-Wheel Drive,Electric,1GT40FDAXNU100517,60517,New,"$115,139",Hummer,Sterling McCall Buick GMC,"10422 Southwest Fwy Building D Houston, TX 77074",Crew Cab,
82,"$115,139",,,Not Provided,"Dover, DE
1,462 mi away",3 miles,1-Speed Automatic,Interstellar White,Lunar Horizon (Jet Black/Light Grey),,"16 hr charge time, 329 mi range",,All-Wheel Drive,Electric,1GT40FDA3NU100729,20239,New,"$115,139",Hummer,Sterling McCall Buick GMC,"10422 Southwest Fwy Building D Houston, TX 77074",Crew Cab,
83,"$115,139",,,"$115,139","Houston, TX
174 mi away",11 miles,Automatic,Interstellar White,Lunar Horizon (Jet Black/Light Grey),,"16 hr charge time, 329 mi range",,All-Wheel Drive,Electric,1GT40FDA1NU100552,NU100552,New,"$115,139",Hummer,Sterling McCall Buick GMC,"10422 Southwest Fwy Building D Houston, TX 77074",Crew Cab,
84,"$115,139",,,"$115,139","Houston, TX
174 mi away",11 miles,Automatic,Interstellar White,Lunar Horizon (Jet Black/Light Grey),,"16 hr charge time, 329 mi range",,All-Wheel Drive,Electric,1GT40FDA4NU100674,NU100674,New,"$115,139",Hummer,Sterling McCall Buick GMC,"10422 Southwest Fwy Building D Houston, TX 77074",Crew Cab,
85,"$115,139",,,"$115,139","Houston, TX
174 mi away",13 miles,Automatic,Interstellar White,Lunar Horizon (Jet Black/Light Grey),,"16 hr charge time, 329 mi range",,All-Wheel Drive,Electric,1GT40FDA4NU100688,NU100688,New,"$115,139",Hummer,Sterling McCall Buick GMC,"10422 Southwest Fwy Building D Houston, TX 77074",Crew Cab,
86,"$115,139",,,"$115,139","Cincinnati, OH
1,042 mi away",---,1-Speed Automatic,Interstellar White,Lunar Horizon (Jet Black/Light Grey),,"16 hr charge time, 329 mi range",,All-Wheel Drive,Electric,1GT40FDA6NU100756,NU100756,New,"$115,139",Hummer,Mark Sweeney Buick GMC,"3365 Highland Ave Cincinnati, OH 45213",Crew Cab,
87,"$115,439",,,"$115,439","Houston, TX
174 mi away",5 miles,Automatic,Interstellar White,Lunar Horizon (Jet Black/Light Grey),,"16 hr charge time, 329 mi range",,All-Wheel Drive,Electric,1GT40FDA3NU100407,NU100407,New,"$115,439",Hummer,Sterling McCall Buick GMC,"10422 Southwest Fwy Building D Houston, TX 77074",Crew Cab,
88,No Price Listed,,,Not Provided,"Southfield, MI
1,233 mi away",0 miles,1-Speed Automatic,Interstellar White,Lunar Horizon (Jet Black/Light Grey),,"16 hr charge time, 329 mi range",,All-Wheel Drive,Electric,1GT40FDA6NU100658,ZJFSDZ,New,AWD,Hummer,Art Moran Buick GMC,"29300 Telegraph Rd Southfield, MI 48034",Crew Cab,
89,No Price Listed,,,Not Provided,"Englewood, NJ
1,583 mi away",2 miles,1-Speed Automatic,Interstellar White,Lunar Horizon (Jet Black/Light Grey),,"16 hr charge time, 329 mi range",,All-Wheel Drive,Electric,1GT40FDA9NU100427,23835,New,AWD,Hummer,Quality Chevrolet Buick GMC,"386 Grand Ave Englewood, NJ 07631",Crew Cab,
90,No Price Listed,,,"$114,590","Renton, WA
1,776 mi away",3 miles,Automatic,Interstellar White,Lunar Horizon (Jet Black/light Grey),,"16 hr charge time, 329 mi range",,All-Wheel Drive,Electric,1GT40FDAXNU100467,G2221,New,AWD,Hummer,Brotherton Cadillac Buick GMC in Renton,"215 SW 12th Street Renton, WA 98055",Crew Cab,
91,No Price Listed,,,"$112,839","Bellevue, WA
1,780 mi away",3 miles,1-Speed Automatic,Interstellar White,Lunar Horizon (Jet Black/Light Grey),,"16 hr charge time, 329 mi range",,All-Wheel Drive,Electric,1GT40FDA1NU100471,G30017,New,AWD,Hummer,Buick GMC of Bellevue,"13400 Northeast 20th Street Bellevue, WA 98005",Crew Cab,
92,No Price Listed,,,Not Provided,"Lincolnwood, IL
1,053 mi away",6 miles,1-Speed Automatic,Interstellar White,Lunar Horizon (Jet Black/Light Grey),,"16 hr charge time, 329 mi range",,All-Wheel Drive,Electric,1GT40FDA4NU100657,M22147,New,AWD,Hummer,Zeigler Buick GMC of Lincolnwood,"6900 N McCormick Blvd Lincolnwood, IL 60712",Crew Cab,
93,No Price Listed,,,Not Provided,"Escondido, CA
1,128 mi away",404 miles,Automatic,White,White (No Color),,"16 hr charge time, 329 mi range",,All-Wheel Drive,Electric,1GT40FDA1NU100163,28122,New,AWD,Hummer,Quantum Auto Sales,"728 N. Escondido Blvd. Escondido, CA 92025","Crew Cab, Short Bed",
94,"$46,015",,,"$46,015","Boerne, TX
25 mi away",5 miles,Automatic,Black,Jet Black,"19 MPG City
27 MPG Highway
22 MPG Combined",,308 hp 3.6L V6,Front-Wheel Drive,Gasoline,3GNKBERS8NS195163,NS195163,New,"$46,015",Blazer,Cavender Chevrolet,"30700 Interstate 10 - West Boerne, TX 78006",,
95,"$37,855",,,"$37,855","Boerne, TX
25 mi away",5 miles,Automatic,Summit White,Jet Black,"22 MPG City
29 MPG Highway
25 MPG Combined",,228 hp 2L I4,Front-Wheel Drive,Gasoline,3GNKBCR47NS203520,NS203520,New,"$37,855",Blazer,Cavender Chevrolet,"30700 Interstate 10 - West Boerne, TX 78006",,
96,"$46,370",,,"$46,370","Boerne, TX
25 mi away",10 miles,Automatic,White (Iridescent Pearl Tricoat),Jet Black,"19 MPG City
27 MPG Highway
22 MPG Combined",,308 hp 3.6L V6,Front-Wheel Drive,Gasoline,3GNKBERSXNS195987,NS195987,New,"$46,370",Blazer,Cavender Chevrolet,"30700 Interstate 10 - West Boerne, TX 78006",,
97,"$34,100",Free,"$34,100","$35,350","Kingsville, TX
140 mi away",0 miles,Automatic,White,Black,"22 MPG City
29 MPG Highway
25 MPG Combined",,228 hp 2L I4,Front-Wheel Drive,Gasoline,3GNKBCR40NS202323,22526,New,"$34,100",Blazer,Neessen Chevrolet Buick GMC Truck,"2007 S US Highway 77 Byp Kingsville, TX 78363",,
98,"$36,961",$319,"$37,281","$37,950","Fairfield, TX
205 mi away",2 miles,9-Speed Automatic Overdrive,Black,Jet Black,,,228 hp 2L I4,Front-Wheel Drive,Gasoline,3GNKBCR43NS200923,200923,New,"$37,281",Blazer,Freestone Autoplex,"1201 Hwy 84 West Fairfield, TX 75840",,
99,"$37,855",,,"$37,855","Boerne, TX
25 mi away",5 miles,Automatic,Summit White,Jet Black,"22 MPG City
29 MPG Highway
25 MPG Combined",,228 hp 2L I4,Front-Wheel Drive,Gasoline,3GNKBCR47NS203520,NS203520,New,"$37,855",Blazer,Cavender Chevrolet,"30700 Interstate 10 - West Boerne, TX 78006",,
100,"$42,141",$244,"$42,386","$43,040","Katy, TX
162 mi away",2 miles,Automatic,Black,,"19 MPG City
27 MPG Highway
22 MPG Combined",,308 hp 3.6L V6,Front-Wheel Drive,Gasoline,3GNKBFRS5NS189150,2250529,New,"$42,386",Blazer,Westside Chevrolet,"23001 Katy Fwy Katy, TX 77450",,
101,"$43,442",$264,"$43,706","$44,980","Houston, TX
177 mi away",2 miles,9-Speed Automatic Overdrive,Silver Ice Metallic,Jet Black,,,308 hp 3.6L V6,Front-Wheel Drive,Gasoline,3GNKBERS4NS145909,NS145909,New,"$43,706",Blazer,Classic Chevrolet of Houston,"7000 Southwest Fwy Houston, TX 77074",,
102,"$44,990",Free,"$44,990",Not Provided,,271 miles,9-Speed Automatic Overdrive,Silver,Black,,,308 hp 3.6L V6,All-Wheel Drive,Gasoline,3GNKBJRS1NS124962,2001707982,New,"$44,990",Blazer,Carvana,"7000 Southwest Fwy Houston, TX 77074",,
103,"$46,885",Free,"$46,885","$46,885","Henrietta, TX
301 mi away",5 miles,9-Speed Automatic Overdrive,White (Iridescent Pearl Tricoat),Jet Black,,,308 hp 3.6L V6,Front-Wheel Drive,Gasoline,3GNKBERS2NS200339,NS200339,New,"$46,885",Blazer,Four Stars Auto Ranch Chevrolet Buick,"262 US HWY 287 S Henrietta, TX 76365",,
104,"$46,015",,,"$46,015","Boerne, TX
25 mi away",5 miles,Automatic,Black,Jet Black,"19 MPG City
27 MPG Highway
22 MPG Combined",,308 hp 3.6L V6,Front-Wheel Drive,Gasoline,3GNKBERS8NS195163,NS195163,New,"$46,015",Blazer,Cavender Chevrolet,"30700 Interstate 10 - West Boerne, TX 78006",,
105,"$45,640","$1,803","$47,443","$45,140","Mandan, ND
1,207 mi away",7 miles,Automatic,Black,Jet Black,"19 MPG City
27 MPG Highway
22 MPG Combined",,308 hp 3.6L V6,Front-Wheel Drive,Gasoline,3GNKBERS5NS190079,Z2395,New,"$47,443",Blazer,Kramer Chevrolet,"1500 2nd St Ne Mandan, ND 58554",,
106,"$46,370",,,"$46,370","Boerne, TX
25 mi away",10 miles,Automatic,White (Iridescent Pearl Tricoat),Jet Black,"19 MPG City
27 MPG Highway
22 MPG Combined",,308 hp 3.6L V6,Front-Wheel Drive,Gasoline,3GNKBERSXNS195987,NS195987,New,"$46,370",Blazer,Cavender Chevrolet,"30700 Interstate 10 - West Boerne, TX 78006",,
107,"$47,670",Free,"$47,670","$47,670","Mckinney, TX
278 mi away",2 miles,9-Speed Automatic Overdrive,Red Hot,Jet Black,,,308 hp 3.6L V6,Front-Wheel Drive,Gasoline,3GNKBERS2NS203029,NS203029,New,"$47,670",Blazer,El Dorado Chevrolet,"2300 North Central Expressway Mckinney, TX 75070",,
108,"$46,725",,,"$45,975","Selma, TX
12 mi away",10 miles,Automatic,Black,Jet Black,"19 MPG City
27 MPG Highway
22 MPG Combined",,308 hp 3.6L V6,Front-Wheel Drive,Gasoline,3GNKBERS8NS196409,C220952,New,"$46,725",Blazer,"Gunn Chevrolet, Ltd.","16550 Interstate 35 N Selma, TX 78154",,
109,"$47,275",,,"$46,525","Selma, TX
12 mi away",10 miles,Automatic,Red Hot,Jet Black,"19 MPG City
27 MPG Highway
22 MPG Combined",,308 hp 3.6L V6,Front-Wheel Drive,Gasoline,3GNKBERS7NS196885,C220951,New,"$47,275",Blazer,"Gunn Chevrolet, Ltd.","16550 Interstate 35 N Selma, TX 78154",,
110,"$47,850",,,"$47,520","Selma, TX
12 mi away",10 miles,Automatic,White (Iridescent Pearl Tricoat),Jet Black,"19 MPG City
27 MPG Highway
22 MPG Combined",,308 hp 3.6L V6,Front-Wheel Drive,Gasoline,3GNKBERS2NS196860,C220980,New,"$47,850",Blazer,"Gunn Chevrolet, Ltd.","16550 Interstate 35 N Selma, TX 78154",,
111,"$48,460","$1,803","$50,263","$47,960","Mandan, ND
1,207 mi away",5 miles,Automatic,Cherry Red Tintcoat,Jet Black,"19 MPG City
26 MPG Highway
22 MPG Combined",,308 hp 3.6L V6,All-Wheel Drive,Gasoline,3GNKBLRS1NS186146,Z2399,New,"$50,263",Blazer,Kramer Chevrolet,"1500 2nd St Ne Mandan, ND 58554",,
112,"$49,675","$1,803","$51,478","$49,175","Mandan, ND
1,207 mi away",5 miles,Automatic,Iron Gray Metallic,Jet Black,"19 MPG City
26 MPG Highway
22 MPG Combined",,308 hp 3.6L V6,All-Wheel Drive,Gasoline,3GNKBLRS3NS205456,Z2405,New,"$51,478",Blazer,Kramer Chevrolet,"1500 2nd St Ne Mandan, ND 58554",,
113,No Price Listed,,,"$35,100","Floresville, TX
29 mi away",0 miles,9-Speed Automatic,Summit White,Jet Black Premium Cloth Seat Trim,"22 MPG City
29 MPG Highway
25 MPG Combined",,228 hp 2L I4,Front-Wheel Drive,Gasoline,3GNKBCR46NS193725,,New,FWD,Blazer,Richardson Chevrolet,"1539 US Hwy 181 N Floresville, TX 78114",,
114,No Price Listed,,,"$37,670","New Braunfels, TX
25 mi away",1 miles,9-Speed Automatic Overdrive,Black,Jet Black,,,228 hp 2L I4,Front-Wheel Drive,Gasoline,3GNKBCR49NS198479,198479,New,FWD,Blazer,ValMark Chevrolet,"725 S Ih 35 New Braunfels, TX 78130",,
115,No Price Listed,,,"$46,910","New Braunfels, TX
25 mi away",5 miles,9-Speed Automatic Overdrive,White (Iridescent Pearl Tricoat),Jet Black,,,308 hp 3.6L V6,Front-Wheel Drive,Gasoline,3GNKBERS3NS194860,194860,New,FWD,Blazer,ValMark Chevrolet,"725 S Ih 35 New Braunfels, TX 78130",,
116,No Price Listed,,,"$43,750","Pleasanton, TX
36 mi away",9 miles,Automatic,Black,Jet Black,"19 MPG City
27 MPG Highway
22 MPG Combined",,308 hp 3.6L V6,Front-Wheel Drive,Gasoline,3GNKBERS1NS192766,T22412,New,FWD,Blazer,Price Chevrolet,"2035 W Oaklawn Pleasanton, TX 78064",,
117,"$34,175",Free,"$34,175","$37,275","Houston, TX
172 mi away",0 miles,8-Speed Automatic,Black,Black,"22 MPG City
24 MPG Highway
22 MPG Combined",,270 hp 2L I4,Four-Wheel Drive,Gasoline,1C4GJXAN0NW257291,257291,New,"$34,175",Wrangler,Mac Haik Chrysler Dodge Jeep RAM Energy Corridor,"12111 Katy Fwy Houston, TX 77079",,
118,"$38,560",,,"$38,560","San Marcos, TX
38 mi away",11 miles,8-Speed Automatic,Bright White Clearcoat,Black,"18 MPG City
23 MPG Highway
20 MPG Combined",,285 hp 3.6L V6,Four-Wheel Drive,Gasoline,1C4HJXAG9NW180572,C20368,New,"$38,560",Wrangler,San Marcos Chrysler Dodge,"2990 I-35 S San Marcos, TX 78666",,
119,"$38,660",$308,"$38,968","$38,660","Lamesa, TX
308 mi away",15 miles,8-Speed Automatic,Gray (Granite Crystal Metallic Clearcoat),Black,"18 MPG City
23 MPG Highway
20 MPG Combined",,285 hp 3.6L V6,Four-Wheel Drive,Gasoline,1C4HJXAG3NW194869,NW194869,New,"$38,968",Wrangler,Premier CDJR of Lamesa,"1611 Lubbock Hwy Lamesa, TX 79331",,
120,"$39,370",,,"$39,370","San Marcos, TX
38 mi away",0 miles,8-Speed Automatic,Black Clearcoat,Black,"18 MPG City
23 MPG Highway
20 MPG Combined",,285 hp 3.6L V6,Four-Wheel Drive,Gasoline,1C4HJXAG9NW272555,C20536,New,"$39,370",Wrangler,San Marcos Chrysler Dodge,"2990 I-35 S San Marcos, TX 78666",,
121,"$39,590",Free,"$39,590",Not Provided,,273 miles,6-Speed Manual,Red,Black,"17 MPG City
25 MPG Highway
20 MPG Combined",,285 hp 3.6L V6,Four-Wheel Drive,Gasoline,1C4GJXAG4MW759639,2001523949,New,"$39,590",Wrangler,Carvana,"2990 I-35 S San Marcos, TX 78666",,
122,"$39,575",$144,"$39,719","$39,575","Kingsville, TX
138 mi away",0 miles,Automatic,Black,,"18 MPG City
23 MPG Highway
20 MPG Combined",,285 hp 3.6L V6,Four-Wheel Drive,Gasoline,1C4HJXAG7NW262882,22178,New,"$39,719",Wrangler,Neessen Chrysler Dodge Jeep Ram,"2151 N US Highway 77 Byp Kingsville, TX 78363",,
123,"$40,561",,,"$41,330","Castroville, TX
25 mi away",11 miles,8-Speed Automatic,Black Clearcoat,Black,"22 MPG City
24 MPG Highway
22 MPG Combined",,270 hp 2L I4,Four-Wheel Drive,Gasoline,1C4GJXAN4NW175564,NW175564,New,"$40,561",Wrangler,Nyle Maxwell CDJR of Castroville,"1950 US Highway 90 E Castroville, TX 78009",,
124,"$40,716",,,"$41,330","Castroville, TX
25 mi away",29 miles,8-Speed Automatic,Firecracker Red Clearcoat,Black,"22 MPG City
24 MPG Highway
22 MPG Combined",,270 hp 2L I4,Four-Wheel Drive,Gasoline,1C4GJXANXNW175567,NW175567,New,"$40,716",Wrangler,Nyle Maxwell CDJR of Castroville,"1950 US Highway 90 E Castroville, TX 78009",,
125,"$40,910",$319,"$41,230","$39,910","Fairfield, TX
205 mi away",2 miles,8-Speed Automatic,Bright White Clearcoat,Black,"22 MPG City
24 MPG Highway
22 MPG Combined",,270 hp 2L I4,Four-Wheel Drive,Gasoline,1C4GJXANXNW223827,223827,New,"$41,230",Wrangler,Freestone Autoplex,"1201 Hwy 84 West Fairfield, TX 75840",,
126,"$41,305",$319,"$41,625","$40,305","Fairfield, TX
205 mi away",2 miles,8-Speed Automatic,Black Clearcoat,Black,"22 MPG City
24 MPG Highway
22 MPG Combined",,270 hp 2L I4,Four-Wheel Drive,Gasoline,1C4GJXAN8NW223826,223826,New,"$41,625",Wrangler,Freestone Autoplex,"1201 Hwy 84 West Fairfield, TX 75840",,
127,"$41,305",$319,"$41,625","$40,305","Fairfield, TX
205 mi away",2 miles,8-Speed Automatic,Firecracker Red Clearcoat,Black,"22 MPG City
24 MPG Highway
22 MPG Combined",,270 hp 2L I4,Four-Wheel Drive,Gasoline,1C4GJXAN1NW223828,223828,New,"$41,625",Wrangler,Freestone Autoplex,"1201 Hwy 84 West Fairfield, TX 75840",,
128,"$43,250",,,"$43,250","San Antonio, TX
8 mi away",0 miles,Automatic,Black Clearcoat,Black,"18 MPG City
23 MPG Highway
20 MPG Combined",,285 hp 3.6L V6,Four-Wheel Drive,Gasoline,1C4HJXAG1NW242112,W242112,New,"$43,250",Wrangler,San Antonio Dodge Chrysler Jeep Ram,"11910 N Ih 35 San Antonio, TX 78233",,
129,"$44,160",$319,"$44,480","$43,160","Fairfield, TX
205 mi away",2 miles,8-Speed Automatic,Hydro Blue Pearl Coat,Black,"22 MPG City
24 MPG Highway
22 MPG Combined",,270 hp 2L I4,Four-Wheel Drive,Gasoline,1C4GJXANXNW223830,223830,New,"$44,480",Wrangler,Freestone Autoplex,"1201 Hwy 84 West Fairfield, TX 75840",,
130,"$44,265",$319,"$44,585","$43,265","Fairfield, TX
205 mi away",2 miles,8-Speed Automatic,Bright White Clearcoat,Black,"18 MPG City
23 MPG Highway
20 MPG Combined",,285 hp 3.6L V6,Four-Wheel Drive,Gasoline,1C4GJXAG1NW223829,223829,New,"$44,585",Wrangler,Freestone Autoplex,"1201 Hwy 84 West Fairfield, TX 75840",,
131,"$45,465","$2,065","$47,530","$45,465","Boulder, CO
825 mi away",2 miles,8-Speed Automatic,Sarge Green Clearcoat,Black,"22 MPG City
24 MPG Highway
22 MPG Combined",,270 hp 2L I4,Four-Wheel Drive,Gasoline,1C4GJXAN5NW206501,G220257,New,"$47,530",Wrangler,Fowler Jeep of Boulder,"5075 East Pearl Pkwy Boulder, CO 80301",,
132,"$45,945",$399,"$46,344","$45,945","Frisco, TX
269 mi away",6 miles,Manual,Gray,Black,"17 MPG City
25 MPG Highway
20 MPG Combined",,285 hp 3.6L V6,Four-Wheel Drive,Gasoline,1C4HJXCG2NW201906,53165216,New,"$46,344",Wrangler,Frisco Chrysler Dodge Jeep Ram,"9640 State Highway 121 Frisco, TX 75035",,
133,"$50,535",$399,"$50,934","$50,535","Frisco, TX
269 mi away",0 miles,Automatic,Red,Black,"22 MPG City
24 MPG Highway
22 MPG Combined",,270 hp 2L I4,Four-Wheel Drive,Gasoline,1C4HJXCN0NW196137,53165436,New,"$50,934",Wrangler,Frisco Chrysler Dodge Jeep Ram,"9640 State Highway 121 Frisco, TX 75035",,
134,"$50,990",$308,"$51,298","$50,990","Lamesa, TX
308 mi away",15 miles,8-Speed Automatic,Black Clearcoat,Black,"18 MPG City
23 MPG Highway
20 MPG Combined",,285 hp 3.6L V6,Four-Wheel Drive,Gasoline,1C4HJXCG4NW180850,NW180850,New,"$51,298",Wrangler,Premier CDJR of Lamesa,"1611 Lubbock Hwy Lamesa, TX 79331",,
135,"$54,010","$2,065","$56,075","$54,010","Boulder, CO
825 mi away",6 miles,8-Speed Automatic,Black Clearcoat,Black,"22 MPG City
24 MPG Highway
22 MPG Combined",,270 hp 2L I4,Four-Wheel Drive,Gasoline,1C4HJXCN7NW169209,G220249,New,"$56,075",Wrangler,Fowler Jeep of Boulder,"5075 East Pearl Pkwy Boulder, CO 80301",,
136,"$49,771",,,"$50,220","Pleasanton, TX
29 mi away",10 miles,8-Speed Automatic,Sarge Green Clearcoat,Black,"18 MPG City
23 MPG Highway
20 MPG Combined",,285 hp 3.6L V6,Four-Wheel Drive,Gasoline,1C4HJXDG9NW194970,194970,New,"$49,771",Wrangler,Atascosa Chrysler Dodge Jeep,"110128 I-37 Pleasanton, TX 78064",,
137,"$36,465",Free,"$36,465","$39,565","Houston, TX
172 mi away",0 miles,8-Speed Automatic,Hydro Blue Pearlcoat,Black,"21 MPG City
24 MPG Highway
22 MPG Combined",,270 hp 2L I4,Four-Wheel Drive,Gasoline,1C4HJXDN2NW231419,231419,New,"$36,465",Wrangler,Mac Haik Chrysler Dodge Jeep RAM Energy Corridor,"12111 Katy Fwy Houston, TX 77079",,
138,"$36,465",Free,"$36,465","$39,565","Houston, TX
172 mi away",0 miles,8-Speed Automatic,Black,Black,"21 MPG City
24 MPG Highway
22 MPG Combined",,270 hp 2L I4,Four-Wheel Drive,Gasoline,1C4HJXDN9NW231417,231417,New,"$36,465",Wrangler,Mac Haik Chrysler Dodge Jeep RAM Energy Corridor,"12111 Katy Fwy Houston, TX 77079",,
139,"$39,270",Free,"$39,270","$42,370","Houston, TX
172 mi away",0 miles,8-Speed Automatic,Bright White,Brown (Heritage Tan/Black),"21 MPG City
24 MPG Highway
22 MPG Combined",,270 hp 2L I4,Four-Wheel Drive,Gasoline,1C4HJXDNXNW252230,252230,New,"$39,270",Wrangler,Mac Haik Chrysler Dodge Jeep RAM Energy Corridor,"12111 Katy Fwy Houston, TX 77079",,
