MSRP,Dealer's Price,Price,Make,Model,Year,Transmission,Mileage,Dealer Name,Dealer Address
"$67,935 ","$67,935 ","$68,218 ",Jeep,Wrangler,2022,8-Speed Automatic,15 miles,Premier CDJR of Lamesa,"1611 Lubbock Hwy Lamesa, TX 79331"
"$69,920 ","$69,920 ","$69,920 ",Jeep,Wrangler,2022,8-Speed Automatic,---,Shottenkirk Prosper Chrysler Dodge Jeep Ram,"2550 W University Dr Prosper, TX 75078"
"$68,700 ","$68,700 ","$68,700 ",Jeep,Wrangler,2022,8-Speed Automatic,3 miles,Pegasus CDJR,"305 South Interstate Highway 45 Ennis, TX 75119"
"$70,475 ","$70,475 ","$70,475 ",Jeep,Wrangler,2022,8-Speed Automatic,---,Classic Chrysler Dodge Jeep Ram Fiat,"1111 E Interstate 20 Arlington, TX 76018"
"$70,870 ","$70,870 ","$70,870 ",Jeep,Wrangler,2022,8-Speed Automatic,---,Classic Chrysler Dodge Jeep Ram Fiat,"1111 E Interstate 20 Arlington, TX 76018"
"$47,511 ","$47,511 ","$47,511 ",Toyota,Tundra,2022,Automatic,5 miles,Pat Lobb Toyota of McKinney,"3350 S Central Expy Mckinney, TX 75070"
"$47,892 ","$47,892 ","$47,892 ",Toyota,Tundra,2022,Automatic,6 miles,Shottenkirk Toyota Weatherford,"3131 Fort Worth Hwy Weatherford, TX 76087"
"$48,957 ","$48,957 ","$48,957 ",Toyota,Tundra,2022,Automatic,1 miles,Family Toyota of Arlington,"1661 Wet N Wild Way Arlington, TX 76011"
"$48,957 ","$50,073 ","$50,073 ",Toyota,Tundra,2022,Automatic,0 miles,Texas Toyota of Grapevine,"701 E State Highway 114 Grapevine, TX 76092"
"$48,957 ","$50,073 ","$50,073 ",Toyota,Tundra,2022,Automatic,0 miles,Texas Toyota of Grapevine,"701 E State Highway 114 Grapevine, TX 76092"
"$50,312 ","$50,312 ","$50,312 ",Toyota,Tundra,2022,Automatic,13 miles,Sport City Toyota,"12650 Lyndon B Johnson Fwy Dallas, TX 75228"
"$51,376 ","$51,376 ","$51,376 ",Toyota,Tundra,2022,Automatic,5 miles,Pat Lobb Toyota of McKinney,"3350 S Central Expy Mckinney, TX 75070"
"$51,957 ","$51,957 ","$51,957 ",Toyota,Tundra,2022,Automatic,6 miles,Shottenkirk Toyota Granbury,"5100 East US Hwy 377 Granbury, TX 76049"
"$51,957 ","$51,957 ","$51,957 ",Toyota,Tundra,2022,Automatic,6 miles,Shottenkirk Toyota Weatherford,"3131 Fort Worth Hwy Weatherford, TX 76087"
"$51,957 ","$51,957 ","$51,957 ",Toyota,Tundra,2022,Automatic,6 miles,Shottenkirk Toyota Weatherford,"3131 Fort Worth Hwy Weatherford, TX 76087"
"$51,965 ","$51,965 ","$51,965 ",Toyota,Tundra,2022,Automatic,6 miles,Shottenkirk Toyota Granbury,"5100 East US Hwy 377 Granbury, TX 76049"
"$51,957 ","$53,073 ","$53,073 ",Toyota,Tundra,2022,Automatic,0 miles,Texas Toyota of Grapevine,"701 E State Highway 114 Grapevine, TX 76092"
"$55,731 ","$56,847 ","$56,847 ",Toyota,Tundra,2022,Automatic,0 miles,Texas Toyota of Grapevine,"701 E State Highway 114 Grapevine, TX 76092"
"$57,936 ","$57,936 ","$57,936 ",Toyota,Tundra,2022,Automatic,6 miles,Shottenkirk Toyota Granbury,"5100 East US Hwy 377 Granbury, TX 76049"
"$60,281 ","$60,281 ","$60,281 ",Toyota,Tundra,2022,Automatic,6 miles,Shottenkirk Toyota Granbury,"5100 East US Hwy 377 Granbury, TX 76049"
"$61,248 ","$61,248 ","$61,248 ",Toyota,Tundra,2022,Automatic,6 miles,Shottenkirk Toyota Weatherford,"3131 Fort Worth Hwy Weatherford, TX 76087"
"$61,729 ","$62,845 ","$62,845 ",Toyota,Tundra,2022,Automatic,0 miles,Texas Toyota of Grapevine,"701 E State Highway 114 Grapevine, TX 76092"
"$64,165 ","$65,281 ","$65,281 ",Toyota,Tundra,2022,Automatic,0 miles,Texas Toyota of Grapevine,"701 E State Highway 114 Grapevine, TX 76092"
"$66,042 ","$66,042 ","$66,042 ",Toyota,Tundra,2022,Automatic,6 miles,Shottenkirk Toyota Weatherford,"3131 Fort Worth Hwy Weatherford, TX 76087"
"$67,227 ","$68,343 ","$68,343 ",Toyota,Tundra,2022,Automatic,0 miles,Texas Toyota of Grapevine,"701 E State Highway 114 Grapevine, TX 76092"
"$67,652 ","$68,768 ","$68,768 ",Toyota,Tundra,2022,Automatic,0 miles,Texas Toyota of Grapevine,"701 E State Highway 114 Grapevine, TX 76092"
"$77,922 ","$77,922 ","$77,922 ",Toyota,Tundra,2022,Automatic,6 miles,Shottenkirk Toyota Weatherford,"3131 Fort Worth Hwy Weatherford, TX 76087"
"$78,347 ","$78,347 ","$78,347 ",Toyota,Tundra,2022,Automatic,5 miles,Lone Star Toyota of Lewisville,"1547 S. Stemmons Frwy. Lewisville, TX 75067"
Not Provided,"$32,020 ","$32,225 ",Ford,Bronco,2022,Automatic,0 miles,DeMontrond Ford,"3944 US 59 S Cleveland, TX 77328"
Not Provided,"$40,470 ","$40,675 ",Ford,Bronco,2022,,0 miles,DeMontrond Ford,"3944 US 59 S Cleveland, TX 77328"
Not Provided,"$42,015 ","$42,220 ",Ford,Bronco,2022,,0 miles,DeMontrond Ford,"3944 US 59 S Cleveland, TX 77328"
Not Provided,"$44,495 ","$44,700 ",Ford,Bronco,2022,Automatic,0 miles,DeMontrond Ford,"3944 US 59 S Cleveland, TX 77328"
"$46,520 ","$46,520 ","$46,520 ",Ford,Bronco,2022,,10 miles,Griffith Ford San Marcos,"2661 N Interstate 35 San Marcos, TX 78666"
"$52,955 ","$62,955 ","$63,162 ",Ford,Bronco,2022,Automatic,10 miles,"J.O. Williams Motors, Inc.","419 E Broadway Ave. Gladewater, TX 75647"
"$54,270 ","$54,270 ","$54,270 ",Ford,Bronco,2022,,10 miles,Griffith Ford San Marcos,"2661 N Interstate 35 San Marcos, TX 78666"
"$54,920 ","$54,920 ","$54,920 ",Ford,Bronco,2022,,10 miles,Griffith Ford San Marcos,"2661 N Interstate 35 San Marcos, TX 78666"
"$55,725 ","$55,725 ","$55,725 ",Ford,Bronco,2022,,10 miles,Griffith Ford San Marcos,"2661 N Interstate 35 San Marcos, TX 78666"
Not Provided,"$56,590 ","$56,795 ",Ford,Bronco,2022,Automatic,3 miles,DeMontrond Ford,"3944 US 59 S Cleveland, TX 77328"
"$57,235 ","$57,235 ","$57,235 ",Ford,Bronco,2022,Automatic,0 miles,Chaparral Ford Inc.,"102 County Road 773 Devine, TX 78016"
Not Provided,"$57,590 ","$57,590 ",Ford,Bronco,2022,Automatic,269 miles,Carvana,"102 County Road 773 Devine, TX 78016"
"$63,245 ","$63,245 ","$63,245 ",Ford,Bronco,2022,,10 miles,Griffith Ford San Marcos,"2661 N Interstate 35 San Marcos, TX 78666"
"$64,185 ","$64,185 ","$64,185 ",Ford,Bronco,2022,,10 miles,Griffith Ford San Marcos,"2661 N Interstate 35 San Marcos, TX 78666"
Not Provided,"$68,990 ","$68,990 ",Ford,Bronco,2022,Automatic,58 miles,Carvana,"2661 N Interstate 35 San Marcos, TX 78666"
Not Provided,"$41,990 ","$41,990 ",Ford,Maverick,2022,8-Speed Automatic,193 miles,Carvana,"31480 IH 10 west Boerne, TX 78006"
Not Provided,"$42,990 ","$42,990 ",Ford,Maverick,2022,8-Speed Automatic,229 miles,Carvana,"31480 IH 10 west Boerne, TX 78006"
Not Provided,"$43,590 ","$43,590 ",Ford,Maverick,2022,8-Speed Automatic,58 miles,Carvana,"31480 IH 10 west Boerne, TX 78006"
"$112,839 ","$112,839 ","$112,839 ",General Motors,Hummer,2022,Automatic,13 miles,Sterling McCall Buick GMC,"10422 Southwest Fwy Building D Houston, TX 77074"
"$114,590 ","$114,590 ","$114,590 ",General Motors,Hummer,2022,Automatic,11 miles,Sterling McCall Buick GMC,"10422 Southwest Fwy Building D Houston, TX 77074"
"$115,139 ","$115,139 ","$115,139 ",General Motors,Hummer,2022,1-Speed Automatic,0 miles,Sterling McCall Buick GMC,"10422 Southwest Fwy Building D Houston, TX 77074"
Not Provided,"$115,139 ","$115,139 ",General Motors,Hummer,2022,1-Speed Automatic,3 miles,Sterling McCall Buick GMC,"10422 Southwest Fwy Building D Houston, TX 77074"
"$115,139 ","$115,139 ","$115,139 ",General Motors,Hummer,2022,Automatic,11 miles,Sterling McCall Buick GMC,"10422 Southwest Fwy Building D Houston, TX 77074"
"$115,139 ","$115,139 ","$115,139 ",General Motors,Hummer,2022,Automatic,11 miles,Sterling McCall Buick GMC,"10422 Southwest Fwy Building D Houston, TX 77074"
"$115,139 ","$115,139 ","$115,139 ",General Motors,Hummer,2022,Automatic,13 miles,Sterling McCall Buick GMC,"10422 Southwest Fwy Building D Houston, TX 77074"
"$115,439 ","$115,439 ","$115,439 ",General Motors,Hummer,2022,Automatic,5 miles,Sterling McCall Buick GMC,"10422 Southwest Fwy Building D Houston, TX 77074"
"$46,015 ","$46,015 ","$46,015 ",General Motors,Blazer,2022,Automatic,5 miles,Cavender Chevrolet,"30700 Interstate 10 - West Boerne, TX 78006"
"$37,855 ","$37,855 ","$37,855 ",General Motors,Blazer,2022,Automatic,5 miles,Cavender Chevrolet,"30700 Interstate 10 - West Boerne, TX 78006"
"$46,370 ","$46,370 ","$46,370 ",General Motors,Blazer,2022,Automatic,10 miles,Cavender Chevrolet,"30700 Interstate 10 - West Boerne, TX 78006"
"$35,350 ","$34,100 ","$34,100 ",General Motors,Blazer,2022,Automatic,0 miles,Neessen Chevrolet Buick GMC Truck,"2007 S US Highway 77 Byp Kingsville, TX 78363"
"$37,950 ","$36,961 ","$37,281 ",General Motors,Blazer,2022,9-Speed Automatic Overdrive,2 miles,Freestone Autoplex,"1201 Hwy 84 West Fairfield, TX 75840"
"$37,855 ","$37,855 ","$37,855 ",General Motors,Blazer,2022,Automatic,5 miles,Cavender Chevrolet,"30700 Interstate 10 - West Boerne, TX 78006"
"$43,040 ","$42,141 ","$42,386 ",General Motors,Blazer,2022,Automatic,2 miles,Westside Chevrolet,"23001 Katy Fwy Katy, TX 77450"
"$44,980 ","$43,442 ","$43,706 ",General Motors,Blazer,2022,9-Speed Automatic Overdrive,2 miles,Classic Chevrolet of Houston,"7000 Southwest Fwy Houston, TX 77074"
Not Provided,"$44,990 ","$44,990 ",General Motors,Blazer,2022,9-Speed Automatic Overdrive,271 miles,Carvana,"7000 Southwest Fwy Houston, TX 77074"
"$46,885 ","$46,885 ","$46,885 ",General Motors,Blazer,2022,9-Speed Automatic Overdrive,5 miles,Four Stars Auto Ranch Chevrolet Buick,"262 US HWY 287 S Henrietta, TX 76365"
"$46,015 ","$46,015 ","$46,015 ",General Motors,Blazer,2022,Automatic,5 miles,Cavender Chevrolet,"30700 Interstate 10 - West Boerne, TX 78006"
"$46,370 ","$46,370 ","$46,370 ",General Motors,Blazer,2022,Automatic,10 miles,Cavender Chevrolet,"30700 Interstate 10 - West Boerne, TX 78006"
"$47,670 ","$47,670 ","$47,670 ",General Motors,Blazer,2022,9-Speed Automatic Overdrive,2 miles,El Dorado Chevrolet,"2300 North Central Expressway Mckinney, TX 75070"
"$45,975 ","$46,725 ","$46,725 ",General Motors,Blazer,2022,Automatic,10 miles,"Gunn Chevrolet, Ltd.","16550 Interstate 35 N Selma, TX 78154"
"$46,525 ","$47,275 ","$47,275 ",General Motors,Blazer,2022,Automatic,10 miles,"Gunn Chevrolet, Ltd.","16550 Interstate 35 N Selma, TX 78154"
"$47,520 ","$47,850 ","$47,850 ",General Motors,Blazer,2022,Automatic,10 miles,"Gunn Chevrolet, Ltd.","16550 Interstate 35 N Selma, TX 78154"
"$37,275 ","$34,175 ","$34,175 ",Jeep,Wrangler,2022,8-Speed Automatic,0 miles,Mac Haik Chrysler Dodge Jeep RAM Energy Corridor,"12111 Katy Fwy Houston, TX 77079"
"$38,560 ","$38,560 ","$38,560 ",Jeep,Wrangler,2022,8-Speed Automatic,11 miles,San Marcos Chrysler Dodge,"2990 I-35 S San Marcos, TX 78666"
"$38,660 ","$38,660 ","$38,968 ",Jeep,Wrangler,2022,8-Speed Automatic,15 miles,Premier CDJR of Lamesa,"1611 Lubbock Hwy Lamesa, TX 79331"
"$39,370 ","$39,370 ","$39,370 ",Jeep,Wrangler,2022,8-Speed Automatic,0 miles,San Marcos Chrysler Dodge,"2990 I-35 S San Marcos, TX 78666"
Not Provided,"$39,590 ","$39,590 ",Jeep,Wrangler,2022,6-Speed Manual,273 miles,Carvana,"2990 I-35 S San Marcos, TX 78666"
"$39,575 ","$39,575 ","$39,719 ",Jeep,Wrangler,2022,Automatic,0 miles,Neessen Chrysler Dodge Jeep Ram,"2151 N US Highway 77 Byp Kingsville, TX 78363"
"$41,330 ","$40,561 ","$40,561 ",Jeep,Wrangler,2022,8-Speed Automatic,11 miles,Nyle Maxwell CDJR of Castroville,"1950 US Highway 90 E Castroville, TX 78009"
"$41,330 ","$40,716 ","$40,716 ",Jeep,Wrangler,2022,8-Speed Automatic,29 miles,Nyle Maxwell CDJR of Castroville,"1950 US Highway 90 E Castroville, TX 78009"
"$39,910 ","$40,910 ","$41,230 ",Jeep,Wrangler,2022,8-Speed Automatic,2 miles,Freestone Autoplex,"1201 Hwy 84 West Fairfield, TX 75840"
"$40,305 ","$41,305 ","$41,625 ",Jeep,Wrangler,2022,8-Speed Automatic,2 miles,Freestone Autoplex,"1201 Hwy 84 West Fairfield, TX 75840"
"$40,305 ","$41,305 ","$41,625 ",Jeep,Wrangler,2022,8-Speed Automatic,2 miles,Freestone Autoplex,"1201 Hwy 84 West Fairfield, TX 75840"
"$43,250 ","$43,250 ","$43,250 ",Jeep,Wrangler,2022,Automatic,0 miles,San Antonio Dodge Chrysler Jeep Ram,"11910 N Ih 35 San Antonio, TX 78233"
"$43,160 ","$44,160 ","$44,480 ",Jeep,Wrangler,2022,8-Speed Automatic,2 miles,Freestone Autoplex,"1201 Hwy 84 West Fairfield, TX 75840"
"$43,265 ","$44,265 ","$44,585 ",Jeep,Wrangler,2022,8-Speed Automatic,2 miles,Freestone Autoplex,"1201 Hwy 84 West Fairfield, TX 75840"
"$45,945 ","$45,945 ","$46,344 ",Jeep,Wrangler,2022,Manual,6 miles,Frisco Chrysler Dodge Jeep Ram,"9640 State Highway 121 Frisco, TX 75035"
"$50,535 ","$50,535 ","$50,934 ",Jeep,Wrangler,2022,Automatic,0 miles,Frisco Chrysler Dodge Jeep Ram,"9640 State Highway 121 Frisco, TX 75035"
"$50,990 ","$50,990 ","$51,298 ",Jeep,Wrangler,2022,8-Speed Automatic,15 miles,Premier CDJR of Lamesa,"1611 Lubbock Hwy Lamesa, TX 79331"
"$50,220 ","$49,771 ","$49,771 ",Jeep,Wrangler,2022,8-Speed Automatic,10 miles,Atascosa Chrysler Dodge Jeep,"110128 I-37 Pleasanton, TX 78064"
"$39,565 ","$36,465 ","$36,465 ",Jeep,Wrangler,2022,8-Speed Automatic,0 miles,Mac Haik Chrysler Dodge Jeep RAM Energy Corridor,"12111 Katy Fwy Houston, TX 77079"
"$39,565 ","$36,465 ","$36,465 ",Jeep,Wrangler,2022,8-Speed Automatic,0 miles,Mac Haik Chrysler Dodge Jeep RAM Energy Corridor,"12111 Katy Fwy Houston, TX 77079"
"$42,370 ","$39,270 ","$39,270 ",Jeep,Wrangler,2022,8-Speed Automatic,0 miles,Mac Haik Chrysler Dodge Jeep RAM Energy Corridor,"12111 Katy Fwy Houston, TX 77079"
"$42,715 ","$39,615 ","$39,615 ",Jeep,Wrangler,2022,8-Speed Automatic,0 miles,Mac Haik Chrysler Dodge Jeep RAM Energy Corridor,"12111 Katy Fwy Houston, TX 77079"
"$42,765 ","$39,665 ","$39,665 ",Jeep,Wrangler,2022,8-Speed Automatic,0 miles,Mac Haik Chrysler Dodge Jeep RAM Energy Corridor,"12111 Katy Fwy Houston, TX 77079"
"$42,765 ","$41,609 ","$41,609 ",Jeep,Wrangler,2022,8-Speed Automatic,1 miles,Mac Haik Chrysler Dodge Jeep RAM Energy Corridor,"12111 Katy Fwy Houston, TX 77079"
"$42,985 ","$39,885 ","$39,885 ",Jeep,Wrangler,2022,8-Speed Automatic,0 miles,Mac Haik Chrysler Dodge Jeep RAM Energy Corridor,"12111 Katy Fwy Houston, TX 77079"
"$43,065 ","$39,965 ","$39,965 ",Jeep,Wrangler,2022,8-Speed Automatic,0 miles,Mac Haik Chrysler Dodge Jeep RAM Energy Corridor,"12111 Katy Fwy Houston, TX 77079"
"$40,060 ","$40,060 ","$40,060 ",Jeep,Wrangler,2022,Automatic,0 miles,San Antonio Dodge Chrysler Jeep Ram,"11910 N Ih 35 San Antonio, TX 78233"
"$40,060 ","$40,060 ","$40,060 ",Jeep,Wrangler,2022,Automatic,0 miles,San Antonio Dodge Chrysler Jeep Ram,"11910 N Ih 35 San Antonio, TX 78233"
"$40,160 ","$40,160 ","$40,160 ",Jeep,Wrangler,2022,Automatic,0 miles,San Antonio Dodge Chrysler Jeep Ram,"11910 N Ih 35 San Antonio, TX 78233"
"$45,225 ","$42,125 ","$42,125 ",Jeep,Wrangler,2022,8-Speed Automatic,0 miles,Mac Haik Chrysler Dodge Jeep RAM Energy Corridor,"12111 Katy Fwy Houston, TX 77079"
"$42,980 ","$42,980 ","$43,379 ",Jeep,Wrangler,2022,Automatic,0 miles,Frisco Chrysler Dodge Jeep Ram,"9640 State Highway 121 Frisco, TX 75035"
"$43,480 ","$43,480 ","$43,879 ",Jeep,Wrangler,2022,Automatic,0 miles,Frisco Chrysler Dodge Jeep Ram,"9640 State Highway 121 Frisco, TX 75035"
"$43,920 ","$43,920 ","$43,920 ",Jeep,Wrangler,2022,8-Speed Automatic,---,Boerne Dodge Chrysler Jeep Ram,"30300 I-10 West Boerne, TX 78006"
"$44,880 ","$44,880 ","$45,279 ",Jeep,Wrangler,2022,Automatic,0 miles,Frisco Chrysler Dodge Jeep Ram,"9640 State Highway 121 Frisco, TX 75035"
"$46,150 ","$45,650 ","$45,650 ",Jeep,Wrangler,2022,8-Speed Automatic,11 miles,Nyle Maxwell CDJR of Castroville,"1950 US Highway 90 E Castroville, TX 78009"
Not Provided,"$45,835 ","$45,835 ",Jeep,Wrangler,2022,Automatic,8 miles,San Antonio Dodge Chrysler Jeep Ram,"11910 N Ih 35 San Antonio, TX 78233"
"$46,545 ","$46,045 ","$46,045 ",Jeep,Wrangler,2022,8-Speed Automatic,11 miles,Nyle Maxwell CDJR of Castroville,"1950 US Highway 90 E Castroville, TX 78009"
"$45,820 ","$45,820 ","$46,219 ",Jeep,Wrangler,2022,Automatic,0 miles,Frisco Chrysler Dodge Jeep Ram,"9640 State Highway 121 Frisco, TX 75035"
"$49,875 ","$46,775 ","$46,775 ",Jeep,Wrangler,2022,8-Speed Automatic,0 miles,Mac Haik Chrysler Dodge Jeep RAM Energy Corridor,"12111 Katy Fwy Houston, TX 77079"
"$47,045 ","$47,045 ","$47,045 ",Jeep,Wrangler,2022,8-Speed Automatic,11 miles,Nyle Maxwell CDJR of Castroville,"1950 US Highway 90 E Castroville, TX 78009"
"$47,045 ","$47,045 ","$47,045 ",Jeep,Wrangler,2022,8-Speed Automatic,11 miles,Nyle Maxwell CDJR of Castroville,"1950 US Highway 90 E Castroville, TX 78009"
"$50,670 ","$47,570 ","$47,570 ",Jeep,Wrangler,2022,8-Speed Automatic,0 miles,Mac Haik Chrysler Dodge Jeep RAM Energy Corridor,"12111 Katy Fwy Houston, TX 77079"
"$46,365 ","$47,365 ","$47,685 ",Jeep,Wrangler,2022,8-Speed Automatic,2 miles,Freestone Autoplex,"1201 Hwy 84 West Fairfield, TX 75840"
"$51,065 ","$47,965 ","$47,965 ",Jeep,Wrangler,2022,8-Speed Automatic,0 miles,Mac Haik Chrysler Dodge Jeep RAM Energy Corridor,"12111 Katy Fwy Houston, TX 77079"
"$51,370 ","$48,270 ","$48,270 ",Jeep,Wrangler,2022,8-Speed Automatic,0 miles,Mac Haik Chrysler Dodge Jeep RAM Energy Corridor,"12111 Katy Fwy Houston, TX 77079"
"$47,010 ","$48,010 ","$48,330 ",Jeep,Wrangler,2022,8-Speed Automatic,2 miles,Freestone Autoplex,"1201 Hwy 84 West Fairfield, TX 75840"
"$48,130 ","$48,130 ","$48,529 ",Jeep,Wrangler,2022,Automatic,6 miles,Frisco Chrysler Dodge Jeep Ram,"9640 State Highway 121 Frisco, TX 75035"
"$51,765 ","$48,665 ","$48,665 ",Jeep,Wrangler,2022,8-Speed Automatic,0 miles,Mac Haik Chrysler Dodge Jeep RAM Energy Corridor,"12111 Katy Fwy Houston, TX 77079"
"$48,685 ","$48,685 ","$48,829 ",Jeep,Wrangler,2022,Automatic,0 miles,Neessen Chrysler Dodge Jeep Ram,"2151 N US Highway 77 Byp Kingsville, TX 78363"
"$52,210 ","$49,110 ","$49,110 ",Jeep,Wrangler,2022,8-Speed Automatic,0 miles,Mac Haik Chrysler Dodge Jeep RAM Energy Corridor,"12111 Katy Fwy Houston, TX 77079"
"$52,560 ","$49,460 ","$49,460 ",Jeep,Wrangler,2022,8-Speed Automatic,0 miles,Mac Haik Chrysler Dodge Jeep RAM Energy Corridor,"12111 Katy Fwy Houston, TX 77079"
"$52,560 ","$49,460 ","$49,460 ",Jeep,Wrangler,2022,8-Speed Automatic,0 miles,Mac Haik Chrysler Dodge Jeep RAM Energy Corridor,"12111 Katy Fwy Houston, TX 77079"
"$52,560 ","$49,460 ","$49,460 ",Jeep,Wrangler,2022,8-Speed Automatic,0 miles,Mac Haik Chrysler Dodge Jeep RAM Energy Corridor,"12111 Katy Fwy Houston, TX 77079"
"$50,220 ","$49,771 ","$49,771 ",Jeep,Wrangler,2022,8-Speed Automatic,10 miles,Atascosa Chrysler Dodge Jeep,"110128 I-37 Pleasanton, TX 78064"
"$50,395 ","$50,395 ","$50,395 ",Jeep,Wrangler,2022,Automatic,0 miles,San Antonio Dodge Chrysler Jeep Ram,"11910 N Ih 35 San Antonio, TX 78233"
"$50,790 ","$50,790 ","$50,790 ",Jeep,Wrangler,2022,Automatic,0 miles,San Antonio Dodge Chrysler Jeep Ram,"11910 N Ih 35 San Antonio, TX 78233"
"$50,790 ","$50,790 ","$50,790 ",Jeep,Wrangler,2022,Automatic,0 miles,San Antonio Dodge Chrysler Jeep Ram,"11910 N Ih 35 San Antonio, TX 78233"
"$51,035 ","$51,035 ","$51,035 ",Jeep,Wrangler,2022,Automatic,15 miles,San Antonio Dodge Chrysler Jeep Ram,"11910 N Ih 35 San Antonio, TX 78233"
"$51,165 ","$51,088 ","$51,088 ",Jeep,Wrangler,2022,Automatic,65 miles,San Antonio Dodge Chrysler Jeep Ram,"11910 N Ih 35 San Antonio, TX 78233"
"$51,215 ","$51,138 ","$51,138 ",Jeep,Wrangler,2022,Automatic,8 miles,San Antonio Dodge Chrysler Jeep Ram,"11910 N Ih 35 San Antonio, TX 78233"
"$50,860 ","$50,860 ","$51,259 ",Jeep,Wrangler,2022,Automatic,0 miles,Frisco Chrysler Dodge Jeep Ram,"9640 State Highway 121 Frisco, TX 75035"
"$52,230 ","$52,152 ","$52,152 ",Jeep,Wrangler,2022,Automatic,12 miles,San Antonio Dodge Chrysler Jeep Ram,"11910 N Ih 35 San Antonio, TX 78233"
"$53,505 ","$53,425 ","$53,425 ",Jeep,Wrangler,2022,Automatic,9 miles,San Antonio Dodge Chrysler Jeep Ram,"11910 N Ih 35 San Antonio, TX 78233"
"$53,045 ","$53,045 ","$53,444 ",Jeep,Wrangler,2022,Automatic,4 miles,Frisco Chrysler Dodge Jeep Ram,"9640 State Highway 121 Frisco, TX 75035"
"$53,805 ","$53,724 ","$53,724 ",Jeep,Wrangler,2022,Automatic,20 miles,San Antonio Dodge Chrysler Jeep Ram,"11910 N Ih 35 San Antonio, TX 78233"
"$56,940 ","$53,616 ","$53,616 ",Jeep,Wrangler,2022,8-Speed Automatic,1 miles,Mac Haik Chrysler Dodge Jeep RAM Energy Corridor,"12111 Katy Fwy Houston, TX 77079"
"$54,250 ","$54,250 ","$54,649 ",Jeep,Wrangler,2022,Automatic,10 miles,Frisco Chrysler Dodge Jeep Ram,"9640 State Highway 121 Frisco, TX 75035"
"$54,510 ","$54,510 ","$54,909 ",Jeep,Wrangler,2022,Automatic,0 miles,Frisco Chrysler Dodge Jeep Ram,"9640 State Highway 121 Frisco, TX 75035"
"$55,665 ","$55,665 ","$55,665 ",Jeep,Wrangler,2022,8-Speed Automatic,---,Boerne Dodge Chrysler Jeep Ram,"30300 I-10 West Boerne, TX 78006"
"$55,365 ","$55,365 ","$55,764 ",Jeep,Wrangler,2022,Automatic,0 miles,Frisco Chrysler Dodge Jeep Ram,"9640 State Highway 121 Frisco, TX 75035"
"$55,760 ","$55,760 ","$56,159 ",Jeep,Wrangler,2022,Automatic,0 miles,Frisco Chrysler Dodge Jeep Ram,"9640 State Highway 121 Frisco, TX 75035"
"$56,575 ","$56,575 ","$56,974 ",Jeep,Wrangler,2022,Automatic,4 miles,Frisco Chrysler Dodge Jeep Ram,"9640 State Highway 121 Frisco, TX 75035"
"$59,700 ","$57,056 ","$57,056 ",Jeep,Wrangler,2022,8-Speed Automatic,11 miles,Ingram Park Auto Center Chrysler Jeep,"7000 NW Loop 410 San Antonio, TX 78238"
"$57,725 ","$57,725 ","$58,124 ",Jeep,Wrangler,2022,Automatic,0 miles,Frisco Chrysler Dodge Jeep Ram,"9640 State Highway 121 Frisco, TX 75035"
"$58,170 ","$58,170 ","$58,170 ",Jeep,Wrangler,2022,Automatic,13 miles,San Antonio Dodge Chrysler Jeep Ram,"11910 N Ih 35 San Antonio, TX 78233"
"$59,765 ","$59,765 ","$60,073 ",Jeep,Wrangler,2022,8-Speed Automatic,15 miles,Premier CDJR of Lamesa,"1611 Lubbock Hwy Lamesa, TX 79331"
"$60,765 ","$60,765 ","$61,164 ",Jeep,Wrangler,2022,Automatic,0 miles,Frisco Chrysler Dodge Jeep Ram,"9640 State Highway 121 Frisco, TX 75035"
"$62,265 ","$62,172 ","$62,172 ",Jeep,Wrangler,2022,Automatic,0 miles,San Antonio Dodge Chrysler Jeep Ram,"11910 N Ih 35 San Antonio, TX 78233"
"$67,525 ","$67,424 ","$67,424 ",Jeep,Wrangler,2022,Automatic,0 miles,San Antonio Dodge Chrysler Jeep Ram,"11910 N Ih 35 San Antonio, TX 78233"
"$80,995 ","$80,995 ","$80,995 ",Jeep,Wrangler,2022,Automatic,10 miles,Price Chrysler Dodge Jeep Ram,"1541 US Highway 181 N Floresville, TX 78114"
"$60,695 ","$60,695 ","$60,695 ",Jeep,Wrangler,2022,Automatic,0 miles,Yaklin Chrysler Dodge Jeep Ram,"1550 W Kingsbury St Seguin, TX 78155"
"$58,280 ","$54,880 ","$54,880 ",Jeep,Wrangler,2022,8-Speed Automatic,0 miles,Mac Haik Chrysler Dodge Jeep RAM Energy Corridor,"12111 Katy Fwy Houston, TX 77079"
"$58,885 ","$55,485 ","$55,485 ",Jeep,Wrangler,2022,8-Speed Automatic,0 miles,Mac Haik Chrysler Dodge Jeep RAM Energy Corridor,"12111 Katy Fwy Houston, TX 77079"
"$59,280 ","$55,880 ","$55,880 ",Jeep,Wrangler,2022,8-Speed Automatic,0 miles,Mac Haik Chrysler Dodge Jeep RAM Energy Corridor,"12111 Katy Fwy Houston, TX 77079"
"$58,280 ","$58,280 ","$58,280 ",Jeep,Wrangler,2022,Automatic,0 miles,San Antonio Dodge Chrysler Jeep Ram,"11910 N Ih 35 San Antonio, TX 78233"
"$58,280 ","$58,280 ","$58,280 ",Jeep,Wrangler,2022,Automatic,13 miles,San Antonio Dodge Chrysler Jeep Ram,"11910 N Ih 35 San Antonio, TX 78233"
"$58,550 ","$58,550 ","$58,550 ",Jeep,Wrangler,2022,Automatic,0 miles,San Antonio Dodge Chrysler Jeep Ram,"11910 N Ih 35 San Antonio, TX 78233"
"$58,580 ","$58,580 ","$58,888 ",Jeep,Wrangler,2022,8-Speed Automatic,25 miles,Premier CDJR of Lamesa,"1611 Lubbock Hwy Lamesa, TX 79331"
"$58,945 ","$58,945 ","$58,945 ",Jeep,Wrangler,2022,Automatic,14 miles,San Antonio Dodge Chrysler Jeep Ram,"11910 N Ih 35 San Antonio, TX 78233"
"$59,770 ","$59,770 ","$60,169 ",Jeep,Wrangler,2022,Automatic,0 miles,Frisco Chrysler Dodge Jeep Ram,"9640 State Highway 121 Frisco, TX 75035"
"$60,695 ","$60,695 ","$60,695 ",Jeep,Wrangler,2022,Automatic,0 miles,Yaklin Chrysler Dodge Jeep Ram,"1550 W Kingsbury St Seguin, TX 78155"
"$60,375 ","$60,375 ","$60,774 ",Jeep,Wrangler,2022,Automatic,0 miles,Frisco Chrysler Dodge Jeep Ram,"9640 State Highway 121 Frisco, TX 75035"
"$61,075 ","$61,075 ","$61,075 ",Jeep,Wrangler,2022,Automatic,12 miles,San Antonio Dodge Chrysler Jeep Ram,"11910 N Ih 35 San Antonio, TX 78233"
"$61,470 ","$61,470 ","$61,470 ",Jeep,Wrangler,2022,Automatic,0 miles,San Antonio Dodge Chrysler Jeep Ram,"11910 N Ih 35 San Antonio, TX 78233"
"$61,470 ","$61,470 ","$61,470 ",Jeep,Wrangler,2022,Automatic,0 miles,San Antonio Dodge Chrysler Jeep Ram,"11910 N Ih 35 San Antonio, TX 78233"
"$61,570 ","$61,570 ","$61,570 ",Jeep,Wrangler,2022,Automatic,0 miles,San Antonio Dodge Chrysler Jeep Ram,"11910 N Ih 35 San Antonio, TX 78233"
"$61,770 ","$61,770 ","$61,770 ",Jeep,Wrangler,2022,8-Speed Automatic,11 miles,San Marcos Chrysler Dodge,"2990 I-35 S San Marcos, TX 78666"
"$61,570 ","$61,570 ","$61,969 ",Jeep,Wrangler,2022,Automatic,0 miles,Frisco Chrysler Dodge Jeep Ram,"9640 State Highway 121 Frisco, TX 75035"
"$61,935 ","$61,935 ","$62,243 ",Jeep,Wrangler,2022,8-Speed Automatic,15 miles,Premier CDJR of Lamesa,"1611 Lubbock Hwy Lamesa, TX 79331"
"$65,725 ","$62,325 ","$62,325 ",Jeep,Wrangler,2022,8-Speed Automatic,0 miles,Mac Haik Chrysler Dodge Jeep RAM Energy Corridor,"12111 Katy Fwy Houston, TX 77079"
"$62,525 ","$62,525 ","$62,525 ",Jeep,Wrangler,2022,Automatic,0 miles,San Antonio Dodge Chrysler Jeep Ram,"11910 N Ih 35 San Antonio, TX 78233"
"$62,220 ","$62,220 ","$62,619 ",Jeep,Wrangler,2022,Automatic,13 miles,Frisco Chrysler Dodge Jeep Ram,"9640 State Highway 121 Frisco, TX 75035"
"$62,220 ","$62,220 ","$62,619 ",Jeep,Wrangler,2022,Automatic,13 miles,Frisco Chrysler Dodge Jeep Ram,"9640 State Highway 121 Frisco, TX 75035"
"$62,920 ","$62,920 ","$62,920 ",Jeep,Wrangler,2022,Automatic,9 miles,San Antonio Dodge Chrysler Jeep Ram,"11910 N Ih 35 San Antonio, TX 78233"
"$62,920 ","$62,920 ","$62,920 ",Jeep,Wrangler,2022,Automatic,14 miles,San Antonio Dodge Chrysler Jeep Ram,"11910 N Ih 35 San Antonio, TX 78233"
"$64,190 ","$64,190 ","$64,190 ",Jeep,Wrangler,2022,Automatic,0 miles,San Antonio Dodge Chrysler Jeep Ram,"11910 N Ih 35 San Antonio, TX 78233"
"$67,935 ","$67,935 ","$68,243 ",Jeep,Wrangler,2022,8-Speed Automatic,15 miles,Premier CDJR of Lamesa,"1611 Lubbock Hwy Lamesa, TX 79331"
"$69,685 ","$69,685 ","$69,685 ",Jeep,Wrangler,2022,Automatic,0 miles,San Antonio Dodge Chrysler Jeep Ram,"11910 N Ih 35 San Antonio, TX 78233"
Not Provided,"$47,723 ","$47,723 ",Toyota,Tundra,2022,Automatic,---,Toyota of Boerne,"31205 I-10 W Boerne, TX 78006"
Not Provided,"$49,039 ","$49,039 ",Toyota,Tundra,2022,Automatic,---,Toyota of Boerne,"31205 I-10 W Boerne, TX 78006"
"$48,957 ","$48,957 ","$49,198 ",Toyota,Tundra,2022,Automatic,1 miles,Family Toyota of Arlington,"1661 Wet N Wild Way Arlington, TX 76011"
"$49,970 ","$49,970 ","$49,970 ",Toyota,Tundra,2022,Automatic,10 miles,North Park Toyota of San Antonio,"10703 S.W. Loop 410 San Antonio, TX 78211"
Not Provided,"$50,453 ","$50,453 ",Toyota,Tundra,2022,Automatic,---,Toyota of Boerne,"31205 I-10 W<br>Boerne, TX 78006"
"$54,796 ","$54,796 ","$54,796 ",Toyota,Tundra,2022,Automatic,0 miles,Alamo Toyota,"18019 US 281 North<br>San Antonio, TX 78232"
"$55,317 ","$55,317 ","$55,317 ",Toyota,Tundra,2022,Automatic,10 miles,North Park Toyota of San Antonio,"10703 S.W. Loop 410<br>San Antonio, TX 78211"
"$58,469 ","$58,469 ","$58,469 ",Toyota,Tundra,2022,Automatic,0 miles,Alamo Toyota,"18019 US 281 North<br>San Antonio, TX 78232"
"$58,640 ","$58,640 ","$58,859 ",Toyota,Tundra,2022,Automatic,0 miles,Toyota of Laredo,"6324 Bob Bullock Loop<br>Laredo, TX 78041"
"$59,949 ","$59,949 ","$60,168 ",Toyota,Tundra,2022,Automatic,5 miles,"Powell Watson Motors, Inc.","6301 Arena Blvd<br>Laredo, TX 78041"
"$65,187 ","$65,187 ","$65,187 ",Toyota,Tundra,2022,Automatic,0 miles,Alamo Toyota,"18019 US 281 North<br>San Antonio, TX 78232"
"$70,377 ","$70,377 ","$70,377 ",Toyota,Tundra,2022,Automatic,0 miles,Alamo Toyota,"18019 US 281 North<br>San Antonio, TX 78232"
Not Provided,"$32,020 ","$32,174 ",Ford,Bronco,2022,Automatic,0 miles,DeMontrond Ford,"3944 US 59 S<br>Cleveland, TX 77328"
Not Provided,"$40,470 ","$40,624 ",Ford,Bronco,2022,,0 miles,DeMontrond Ford,"3944 US 59 S<br>Cleveland, TX 77328"
Not Provided,"$42,015 ","$42,169 ",Ford,Bronco,2022,,0 miles,DeMontrond Ford,"3944 US 59 S<br>Cleveland, TX 77328"
Not Provided,"$44,495 ","$44,649 ",Ford,Bronco,2022,Automatic,0 miles,DeMontrond Ford,"3944 US 59 S<br>Cleveland, TX 77328"
"$45,465 ","$45,465 ","$45,465 ",Ford,Bronco,2022,Automatic,8 miles,Maxwell Ford,"5000 South IH-35<br>Austin, TX 78745"
"$46,520 ","$46,520 ","$46,520 ",Ford,Bronco,2022,,10 miles,Griffith Ford San Marcos,"2661 N Interstate 35<br>San Marcos, TX 78666"
"$46,775 ","$46,775 ","$46,775 ",Ford,Bronco,2022,Automatic,8 miles,Maxwell Ford,"5000 South IH-35<br>Austin, TX 78745"
"$49,115 ","$49,115 ","$49,115 ",Ford,Bronco,2022,Automatic,11 miles,Maxwell Ford,"5000 South IH-35<br>Austin, TX 78745"
"$49,115 ","$49,115 ","$49,115 ",Ford,Bronco,2022,Automatic,11 miles,Maxwell Ford,"5000 South IH-35<br>Austin, TX 78745"
"$52,955 ","$62,955 ","$63,115 ",Ford,Bronco,2022,Automatic,10 miles,"J.O. Williams Motors, Inc.","419 E Broadway Ave.<br>Gladewater, TX 75647"
"$51,760 ","$51,760 ","$51,760 ",Ford,Bronco,2022,Automatic,8 miles,Maxwell Ford,"5000 South IH-35<br>Austin, TX 78745"
"$54,270 ","$54,270 ","$54,270 ",Ford,Bronco,2022,,10 miles,Griffith Ford San Marcos,"2661 N Interstate 35<br>San Marcos, TX 78666"
"$54,920 ","$54,920 ","$54,920 ",Ford,Bronco,2022,,10 miles,Griffith Ford San Marcos,"2661 N Interstate 35<br>San Marcos, TX 78666"
"$55,725 ","$55,725 ","$55,725 ",Ford,Bronco,2022,,10 miles,Griffith Ford San Marcos,"2661 N Interstate 35<br>San Marcos, TX 78666"
Not Provided,"$56,590 ","$56,744 ",Ford,Bronco,2022,Automatic,3 miles,DeMontrond Ford,"3944 US 59 S<br>Cleveland, TX 77328"
Not Provided,"$57,590 ","$57,590 ",Ford,Bronco,2022,Automatic,269 miles,Carvana,"3944 US 59 S<br>Cleveland, TX 77328"
"$63,245 ","$63,245 ","$63,245 ",Ford,Bronco,2022,,10 miles,Griffith Ford San Marcos,"2661 N Interstate 35<br>San Marcos, TX 78666"
"$64,185 ","$64,185 ","$64,185 ",Ford,Bronco,2022,,10 miles,Griffith Ford San Marcos,"2661 N Interstate 35<br>San Marcos, TX 78666"
Not Provided,"$68,990 ","$68,990 ",Ford,Bronco,2022,Automatic,58 miles,Carvana,"2661 N Interstate 35<br>San Marcos, TX 78666"
Not Provided,"$58,674 ","$58,674 ",Ford,Bronco,2022,Automatic,"7,707 miles",Maxwell Ford,"5000 South IH-35<br>Austin, TX 78745"
"$31,855 ","$31,855 ","$31,855 ",Ford,Maverick,2022,Automatic,10 miles,Maxwell Ford,"5000 South IH-35<br>Austin, TX 78745"
"$31,855 ","$31,855 ","$32,284 ",Ford,Maverick,2022,Automatic,0 miles,Vernon Ford,"2803 Wilbarger St<br>Vernon, TX 76384"
Not Provided,"$41,990 ","$41,990 ",Ford,Maverick,2022,8-Speed Automatic,193 miles,Carvana,"2803 Wilbarger St<br>Vernon, TX 76384"
Not Provided,"$42,990 ","$42,990 ",Ford,Maverick,2022,8-Speed Automatic,229 miles,Carvana,"2803 Wilbarger St<br>Vernon, TX 76384"
Not Provided,"$43,590 ","$43,590 ",Ford,Maverick,2022,8-Speed Automatic,58 miles,Carvana,"2803 Wilbarger St<br>Vernon, TX 76384"
"$112,839 ","$112,839 ","$112,839 ",General Motors,Hummer,2022,Automatic,13 miles,Sterling McCall Buick GMC,"10422 Southwest Fwy Building D<br>Houston, TX 77074"
"$114,590 ","$114,590 ","$114,590 ",General Motors,Hummer,2022,Automatic,11 miles,Sterling McCall Buick GMC,"10422 Southwest Fwy Building D<br>Houston, TX 77074"
"$115,139 ","$115,139 ","$115,139 ",General Motors,Hummer,2022,1-Speed Automatic,0 miles,Sterling McCall Buick GMC,"10422 Southwest Fwy Building D<br>Houston, TX 77074"
Not Provided,"$115,139 ","$115,139 ",General Motors,Hummer,2022,1-Speed Automatic,3 miles,Sterling McCall Buick GMC,"10422 Southwest Fwy Building D<br>Houston, TX 77074"
"$115,139 ","$115,139 ","$115,139 ",General Motors,Hummer,2022,Automatic,11 miles,Sterling McCall Buick GMC,"10422 Southwest Fwy Building D<br>Houston, TX 77074"
"$115,139 ","$115,139 ","$115,139 ",General Motors,Hummer,2022,Automatic,11 miles,Sterling McCall Buick GMC,"10422 Southwest Fwy Building D<br>Houston, TX 77074"
"$115,139 ","$115,139 ","$115,139 ",General Motors,Hummer,2022,Automatic,13 miles,Sterling McCall Buick GMC,"10422 Southwest Fwy Building D<br>Houston, TX 77074"
"$115,439 ","$115,439 ","$115,439 ",General Motors,Hummer,2022,Automatic,5 miles,Sterling McCall Buick GMC,"10422 Southwest Fwy Building D<br>Houston, TX 77074"
"$35,350 ","$34,100 ","$34,100 ",General Motors,Blazer,2022,Automatic,0 miles,Neessen Chevrolet Buick GMC Truck,"2007 S US Highway 77 Byp<br>Kingsville, TX 78363"
"$37,950 ","$36,961 ","$37,179 ",General Motors,Blazer,2022,9-Speed Automatic Overdrive,2 miles,Freestone Autoplex,"1201 Hwy 84 West<br>Fairfield, TX 75840"
"$40,220 ","$43,219 ","$43,515 ",General Motors,Blazer,2022,9-Speed Automatic Overdrive,13 miles,Coleman Chevrolet,"510 Addison St<br>New Boston, TX 75570"
"$43,040 ","$42,141 ","$42,330 ",General Motors,Blazer,2022,Automatic,2 miles,Westside Chevrolet,"23001 Katy Fwy<br>Katy, TX 77450"
"$44,980 ","$43,442 ","$43,652 ",General Motors,Blazer,2022,9-Speed Automatic Overdrive,2 miles,Classic Chevrolet of Houston,"7000 Southwest Fwy<br>Houston, TX 77074"
"$45,605 ","$44,355 ","$44,355 ",General Motors,Blazer,2022,Automatic,0 miles,Capitol Chevrolet,"6200 S I H 35<br>Austin, TX 78745"
Not Provided,"$44,990 ","$44,990 ",General Motors,Blazer,2022,9-Speed Automatic Overdrive,271 miles,Carvana,"6200 S I H 35<br>Austin, TX 78745"
"$46,885 ","$46,885 ","$46,885 ",General Motors,Blazer,2022,9-Speed Automatic Overdrive,5 miles,Four Stars Auto Ranch Chevrolet Buick,"262 US HWY 287 S<br>Henrietta, TX 76365"
"$44,870 ","$47,169 ","$47,465 ",General Motors,Blazer,2022,9-Speed Automatic Overdrive,7 miles,Coleman Chevrolet,"510 Addison St<br>New Boston, TX 75570"
"$47,670 ","$47,670 ","$47,670 ",General Motors,Blazer,2022,9-Speed Automatic Overdrive,2 miles,El Dorado Chevrolet,"2300 North Central Expressway<br>Mckinney, TX 75070"
"$45,975 ","$46,725 ","$46,725 ",General Motors,Blazer,2022,Automatic,10 miles,"Gunn Chevrolet, Ltd.","16550 Interstate 35 N<br>Selma, TX 78154"
"$46,525 ","$47,275 ","$47,275 ",General Motors,Blazer,2022,Automatic,10 miles,"Gunn Chevrolet, Ltd.","16550 Interstate 35 N<br>Selma, TX 78154"
"$47,520 ","$47,850 ","$47,850 ",General Motors,Blazer,2022,Automatic,10 miles,"Gunn Chevrolet, Ltd.","16550 Interstate 35 N<br>Selma, TX 78154"
"$50,190 ","$50,190 ","$50,190 ",Jeep,Wrangler,2022,Automatic,7 miles,Covert Chrysler Dodge Jeep Ram-Austin,"8107 Research Blvd<br>Austin, TX 78758"
"$47,945 ","$47,945 ","$47,945 ",Jeep,Wrangler,2022,Automatic,7 miles,Covert Chrysler Dodge Jeep Ram-Austin,"8107 Research Blvd<br>Austin, TX 78758"
"$37,275 ","$34,175 ","$34,175 ",Jeep,Wrangler,2022,8-Speed Automatic,0 miles,Mac Haik Chrysler Dodge Jeep RAM Energy Corridor,"12111 Katy Fwy<br>Houston, TX 77079"
"$37,940 ","$37,940 ","$37,940 ",Jeep,Wrangler,2022,8-Speed Automatic,10 miles,Nyle Maxwell CDJR Austin,"13817 U.S. 183<br>Austin, TX 78750"
"$38,560 ","$38,560 ","$38,560 ",Jeep,Wrangler,2022,8-Speed Automatic,11 miles,San Marcos Chrysler Dodge,"2990 I-35 S<br>San Marcos, TX 78666"
"$38,660 ","$38,660 ","$38,962 ",Jeep,Wrangler,2022,8-Speed Automatic,15 miles,Premier CDJR of Lamesa,"1611 Lubbock Hwy<br>Lamesa, TX 79331"
"$39,200 ","$39,200 ","$39,200 ",Jeep,Wrangler,2022,8-Speed Automatic,10 miles,Nyle Maxwell CDJR Austin,"13817 U.S. 183<br>Austin, TX 78750"
"$39,370 ","$39,370 ","$39,370 ",Jeep,Wrangler,2022,8-Speed Automatic,0 miles,San Marcos Chrysler Dodge,"2990 I-35 S<br>San Marcos, TX 78666"
Not Provided,"$39,590 ","$39,590 ",Jeep,Wrangler,2022,6-Speed Manual,273 miles,Carvana,"2990 I-35 S<br>San Marcos, TX 78666"
"$39,685 ","$39,685 ","$39,685 ",Jeep,Wrangler,2022,6-Speed Manual,10 miles,Nyle Maxwell CDJR Austin,"13817 U.S. 183<br>Austin, TX 78750"
"$39,575 ","$39,575 ","$39,768 ",Jeep,Wrangler,2022,Automatic,0 miles,Neessen Chrysler Dodge Jeep Ram,"2151 N US Highway 77 Byp<br>Kingsville, TX 78363"
"$40,620 ","$40,620 ","$40,620 ",Jeep,Wrangler,2022,8-Speed Automatic Overdrive,0 miles,Sames Bastrop CDJ,"1586 Hwy 71 West<br>Cedar Creek, TX 78612"
"$39,910 ","$40,910 ","$41,128 ",Jeep,Wrangler,2022,8-Speed Automatic,2 miles,Freestone Autoplex,"1201 Hwy 84 West<br>Fairfield, TX 75840"
"$41,175 ","$41,175 ","$41,175 ",Jeep,Wrangler,2022,8-Speed Automatic,11 miles,Nyle Maxwell CDJR Austin,"13817 U.S. 183<br>Austin, TX 78750"
"$41,180 ","$41,180 ","$41,180 ",Jeep,Wrangler,2022,Automatic,15 miles,"Steele CJDR Lockhart, LLC","2000 S Colorado St<br>Lockhart, TX 78644"
"$40,305 ","$41,305 ","$41,523 ",Jeep,Wrangler,2022,8-Speed Automatic,2 miles,Freestone Autoplex,"1201 Hwy 84 West<br>Fairfield, TX 75840"
"$40,305 ","$41,305 ","$41,523 ",Jeep,Wrangler,2022,8-Speed Automatic,2 miles,Freestone Autoplex,"1201 Hwy 84 West<br>Fairfield, TX 75840"
"$42,270 ","$42,270 ","$42,270 ",Jeep,Wrangler,2022,8-Speed Automatic,24 miles,Nyle Maxwell CDJR Austin,"13817 U.S. 183<br>Austin, TX 78750"
"$42,740 ","$42,740 ","$42,740 ",Jeep,Wrangler,2022,Automatic,7 miles,Covert Chrysler Dodge Jeep Ram-Austin,"8107 Research Blvd<br>Austin, TX 78758"
"$42,740 ","$42,740 ","$42,740 ",Jeep,Wrangler,2022,Automatic,7 miles,Covert Chrysler Dodge Jeep Ram-Austin,"8107 Research Blvd<br>Austin, TX 78758"
"$43,250 ","$43,250 ","$43,449 ",Jeep,Wrangler,2022,Automatic,0 miles,San Antonio Dodge Chrysler Jeep Ram,"11910 N Ih 35<br>San Antonio, TX 78233"
"$44,300 ","$44,300 ","$44,300 ",Jeep,Wrangler,2022,8-Speed Automatic,10 miles,Nyle Maxwell CDJR Austin,"13817 U.S. 183<br>Austin, TX 78750"
"$40,220 ","$43,955 ","$44,336 ",Jeep,Wrangler,2022,Automatic,12 miles,Foundation Chrysler Dodge Jeep Ram - Wichita Falls,"2900 Old Jacksboro Hwy<br>Wichita Falls, TX 76302"
"$43,160 ","$44,160 ","$44,378 ",Jeep,Wrangler,2022,8-Speed Automatic,2 miles,Freestone Autoplex,"1201 Hwy 84 West<br>Fairfield, TX 75840"
"$43,265 ","$44,265 ","$44,483 ",Jeep,Wrangler,2022,8-Speed Automatic,2 miles,Freestone Autoplex,"1201 Hwy 84 West<br>Fairfield, TX 75840"
"$45,780 ","$45,780 ","$45,780 ",Jeep,Wrangler,2022,8-Speed Automatic Overdrive,0 miles,Sames Bastrop CDJ,"1586 Hwy 71 West<br>Cedar Creek, TX 78612"
"$45,780 ","$45,780 ","$45,780 ",Jeep,Wrangler,2022,8-Speed Automatic Overdrive,0 miles,Sames Bastrop CDJ,"1586 Hwy 71 West<br>Cedar Creek, TX 78612"
"$45,780 ","$45,780 ","$45,780 ",Jeep,Wrangler,2022,8-Speed Automatic Overdrive,0 miles,Sames Bastrop CDJ,"1586 Hwy 71 West<br>Cedar Creek, TX 78612"
"$45,945 ","$45,945 ","$46,344 ",Jeep,Wrangler,2022,Manual,6 miles,Frisco Chrysler Dodge Jeep Ram,"9640 State Highway 121<br>Frisco, TX 75035"
"$47,550 ","$47,550 ","$47,550 ",Jeep,Wrangler,2022,Automatic,7 miles,Covert Chrysler Dodge Jeep Ram-Austin,"8107 Research Blvd<br>Austin, TX 78758"
"$47,945 ","$47,945 ","$47,945 ",Jeep,Wrangler,2022,Automatic,7 miles,Covert Chrysler Dodge Jeep Ram-Austin,"8107 Research Blvd<br>Austin, TX 78758"
"$50,190 ","$50,190 ","$50,190 ",Jeep,Wrangler,2022,Automatic,7 miles,Covert Chrysler Dodge Jeep Ram-Austin,"8107 Research Blvd<br>Austin, TX 78758"
"$50,525 ","$50,525 ","$50,525 ",Jeep,Wrangler,2022,8-Speed Automatic,---,South Point Dodge Chrysler Jeep,"5210 IH-35 South<br>Austin, TX 78745"
"$50,535 ","$50,535 ","$50,934 ",Jeep,Wrangler,2022,Automatic,0 miles,Frisco Chrysler Dodge Jeep Ram,"9640 State Highway 121<br>Frisco, TX 75035"
"$50,990 ","$50,990 ","$51,292 ",Jeep,Wrangler,2022,8-Speed Automatic,15 miles,Premier CDJR of Lamesa,"1611 Lubbock Hwy<br>Lamesa, TX 79331"
"$58,305 ","$58,305 ","$58,305 ",Jeep,Wrangler,2022,8-Speed Automatic,---,South Point Dodge Chrysler Jeep,"5210 IH-35 South<br>Austin, TX 78745"
"$51,870 ","$51,870 ","$51,870 ",Jeep,Wrangler,2022,Automatic,7 miles,Covert Chrysler Dodge Jeep Ram-Austin,"8107 Research Blvd<br>Austin, TX 78758"
"$39,565 ","$36,465 ","$36,465 ",Jeep,Wrangler,2022,8-Speed Automatic,0 miles,Mac Haik Chrysler Dodge Jeep RAM Energy Corridor,"12111 Katy Fwy<br>Houston, TX 77079"
"$39,565 ","$36,465 ","$36,465 ",Jeep,Wrangler,2022,8-Speed Automatic,0 miles,Mac Haik Chrysler Dodge Jeep RAM Energy Corridor,"12111 Katy Fwy<br>Houston, TX 77079"
"$42,370 ","$39,270 ","$39,270 ",Jeep,Wrangler,2022,8-Speed Automatic,0 miles,Mac Haik Chrysler Dodge Jeep RAM Energy Corridor,"12111 Katy Fwy<br>Houston, TX 77079"
"$42,715 ","$39,615 ","$39,615 ",Jeep,Wrangler,2022,8-Speed Automatic,0 miles,Mac Haik Chrysler Dodge Jeep RAM Energy Corridor,"12111 Katy Fwy<br>Houston, TX 77079"
"$42,765 ","$39,665 ","$39,665 ",Jeep,Wrangler,2022,8-Speed Automatic,0 miles,Mac Haik Chrysler Dodge Jeep RAM Energy Corridor,"12111 Katy Fwy<br>Houston, TX 77079"
"$42,765 ","$41,609 ","$41,609 ",Jeep,Wrangler,2022,8-Speed Automatic,1 miles,Mac Haik Chrysler Dodge Jeep RAM Energy Corridor,"12111 Katy Fwy<br>Houston, TX 77079"
"$42,985 ","$39,885 ","$39,885 ",Jeep,Wrangler,2022,8-Speed Automatic,0 miles,Mac Haik Chrysler Dodge Jeep RAM Energy Corridor,"12111 Katy Fwy<br>Houston, TX 77079"
"$43,065 ","$39,965 ","$39,965 ",Jeep,Wrangler,2022,8-Speed Automatic,0 miles,Mac Haik Chrysler Dodge Jeep RAM Energy Corridor,"12111 Katy Fwy<br>Houston, TX 77079"
"$40,060 ","$40,060 ","$40,259 ",Jeep,Wrangler,2022,Automatic,0 miles,San Antonio Dodge Chrysler Jeep Ram,"11910 N Ih 35<br>San Antonio, TX 78233"
"$40,060 ","$40,060 ","$40,259 ",Jeep,Wrangler,2022,Automatic,0 miles,San Antonio Dodge Chrysler Jeep Ram,"11910 N Ih 35<br>San Antonio, TX 78233"
"$58,280 ","$54,880 ","$54,880 ",Jeep,Wrangler,2022,8-Speed Automatic,0 miles,Mac Haik Chrysler Dodge Jeep RAM Energy Corridor,"12111 Katy Fwy<br>Houston, TX 77079"
"$58,280 ","$54,880 ","$54,880 ",Jeep,Wrangler,2022,8-Speed Automatic,0 miles,Mac Haik Chrysler Dodge Jeep RAM Energy Corridor,"12111 Katy Fwy<br>Houston, TX 77079"
"$58,885 ","$55,485 ","$55,485 ",Jeep,Wrangler,2022,8-Speed Automatic,0 miles,Mac Haik Chrysler Dodge Jeep RAM Energy Corridor,"12111 Katy Fwy<br>Houston, TX 77079"
"$59,280 ","$55,880 ","$55,880 ",Jeep,Wrangler,2022,8-Speed Automatic,0 miles,Mac Haik Chrysler Dodge Jeep RAM Energy Corridor,"12111 Katy Fwy<br>Houston, TX 77079"
"$57,085 ","$57,085 ","$57,085 ",Jeep,Wrangler,2022,Automatic,2 miles,Northwest Chrysler Jeep Dodge,"19616 Northwest Fwy<br>Houston, TX 77065"
"$58,975 ","$57,475 ","$57,475 ",Jeep,Wrangler,2022,Automatic,0 miles,Texan Chrysler Dodge Jeep Ram,"18555 Highway 59 North<br>Humble, TX 77338"
"$59,380 ","$57,880 ","$57,880 ",Jeep,Wrangler,2022,Automatic,0 miles,Texan Chrysler Dodge Jeep Ram,"18555 Highway 59 North<br>Humble, TX 77338"
"$59,475 ","$57,975 ","$57,975 ",Jeep,Wrangler,2022,Automatic,0 miles,Texan Chrysler Dodge Jeep Ram,"18555 Highway 59 North<br>Humble, TX 77338"
"$59,475 ","$57,975 ","$57,975 ",Jeep,Wrangler,2022,Automatic,0 miles,Texan Chrysler Dodge Jeep Ram,"18555 Highway 59 North<br>Humble, TX 77338"
Not Provided,"$58,230 ","$58,230 ",Jeep,Wrangler,2022,8-Speed Automatic,10 miles,Ron Carter Chrysler Jeep Dodge of League City,"3535 Gulf Freeway South<br>Dickinson, TX 77539"
"$59,775 ","$58,275 ","$58,275 ",Jeep,Wrangler,2022,Automatic,0 miles,Texan Chrysler Dodge Jeep Ram,"18555 Highway 59 North<br>Humble, TX 77338"
Not Provided,"$58,380 ","$58,380 ",Jeep,Wrangler,2022,8-Speed Automatic,11 miles,Ron Carter Chrysler Jeep Dodge of League City,"3535 Gulf Freeway South<br>Dickinson, TX 77539"
Not Provided,"$58,625 ","$58,625 ",Jeep,Wrangler,2022,8-Speed Automatic,10 miles,Ron Carter Chrysler Jeep Dodge of League City,"3535 Gulf Freeway South<br>Dickinson, TX 77539"
"$60,385 ","$58,885 ","$58,885 ",Jeep,Wrangler,2022,Automatic,0 miles,Texan Chrysler Dodge Jeep Ram,"18555 Highway 59 North<br>Humble, TX 77338"
"$60,470 ","$58,970 ","$58,970 ",Jeep,Wrangler,2022,Automatic,0 miles,Texan Chrysler Dodge Jeep Ram,"18555 Highway 59 North<br>Humble, TX 77338"
"$58,580 ","$58,580 ","$59,026 ",Jeep,Wrangler,2022,8-Speed Automatic,25 miles,Premier CDJR of Lamesa,"1611 Lubbock Hwy<br>Lamesa, TX 79331"
"$59,070 ","$59,070 ","$59,070 ",Jeep,Wrangler,2022,Automatic,1 miles,Big Star Chrysler Jeep Dodge RAM Fiat Clear Lake,"15711 Gulf Fwy<br>Webster, TX 77598"
"$59,070 ","$59,070 ","$59,070 ",Jeep,Wrangler,2022,Automatic,1 miles,Big Star Chrysler Jeep Dodge RAM Fiat Clear Lake,"15711 Gulf Fwy<br>Webster, TX 77598"
"$60,730 ","$59,230 ","$59,230 ",Jeep,Wrangler,2022,Automatic,0 miles,Texan Chrysler Dodge Jeep Ram,"18555 Highway 59 North<br>Humble, TX 77338"
"$59,350 ","$59,350 ","$59,350 ",Jeep,Wrangler,2022,8-Speed Automatic,---,Tomball Dodge Chrysler Jeep,"23777 Highway 249<br>Tomball, TX 77375"
"$57,480 ","$59,480 ","$59,480 ",Jeep,Wrangler,2022,8-Speed Automatic,10 miles,Southfork Chrysler Dodge Jeep Ram,"17725 South Fwy<br>Manvel, TX 77578"
"$59,675 ","$59,675 ","$59,675 ",Jeep,Wrangler,2022,8-Speed Automatic Overdrive,0 miles,River Oaks Chrysler Jeep Dodge Ram,"4807 Kirby Drive<br>Houston, TX 77098"
"$59,770 ","$59,770 ","$59,770 ",Jeep,Wrangler,2022,Automatic,2 miles,Northwest Chrysler Jeep Dodge,"19616 Northwest Fwy<br>Houston, TX 77065"
"$59,870 ","$59,870 ","$59,870 ",Jeep,Wrangler,2022,8-Speed Automatic Overdrive,0 miles,River Oaks Chrysler Jeep Dodge Ram,"4807 Kirby Drive<br>Houston, TX 77098"
"$60,070 ","$60,070 ","$60,070 ",Jeep,Wrangler,2022,8-Speed Automatic,0 miles,Bayway Chrysler Dodge Jeep Ram,"4000 Pasadena Fwy<br>Pasadena, TX 77503"
"$60,070 ","$60,070 ","$60,070 ",Jeep,Wrangler,2022,8-Speed Automatic Overdrive,0 miles,River Oaks Chrysler Jeep Dodge Ram,"4807 Kirby Drive<br>Houston, TX 77098"
"$60,070 ","$60,070 ","$60,070 ",Jeep,Wrangler,2022,8-Speed Automatic Overdrive,0 miles,River Oaks Chrysler Jeep Dodge Ram,"4807 Kirby Drive<br>Houston, TX 77098"
"$60,070 ","$60,070 ","$60,070 ",Jeep,Wrangler,2022,8-Speed Automatic Overdrive,0 miles,River Oaks Chrysler Jeep Dodge Ram,"4807 Kirby Drive<br>Houston, TX 77098"
"$60,070 ","$60,070 ","$60,070 ",Jeep,Wrangler,2022,8-Speed Automatic Overdrive,0 miles,River Oaks Chrysler Jeep Dodge Ram,"4807 Kirby Drive<br>Houston, TX 77098"
"$60,070 ","$60,070 ","$60,070 ",Jeep,Wrangler,2022,8-Speed Automatic Overdrive,0 miles,River Oaks Chrysler Jeep Dodge Ram,"4807 Kirby Drive<br>Houston, TX 77098"
"$60,070 ","$60,070 ","$60,070 ",Jeep,Wrangler,2022,8-Speed Automatic Overdrive,0 miles,River Oaks Chrysler Jeep Dodge Ram,"4807 Kirby Drive<br>Houston, TX 77098"
"$60,080 ","$60,080 ","$60,080 ",Jeep,Wrangler,2022,Automatic,11 miles,Momentum Chrysler Dodge Jeep Ram,"3704 NE I 10 Frontage Rd<br>Sealy, TX 77474"
"$60,250 ","$60,250 ","$60,250 ",Jeep,Wrangler,2022,8-Speed Automatic,10 miles,Bayway Chrysler Dodge Jeep Ram,"4000 Pasadena Fwy<br>Pasadena, TX 77503"
"$58,280 ","$60,280 ","$60,280 ",Jeep,Wrangler,2022,8-Speed Automatic,5 miles,Southfork Chrysler Dodge Jeep Ram,"17725 South Fwy<br>Manvel, TX 77578"
"$58,280 ","$60,280 ","$60,280 ",Jeep,Wrangler,2022,8-Speed Automatic,10 miles,Southfork Chrysler Dodge Jeep Ram,"17725 South Fwy<br>Manvel, TX 77578"
"$58,280 ","$60,280 ","$60,280 ",Jeep,Wrangler,2022,8-Speed Automatic,10 miles,Southfork Chrysler Dodge Jeep Ram,"17725 South Fwy<br>Manvel, TX 77578"
"$58,280 ","$60,280 ","$60,280 ",Jeep,Wrangler,2022,8-Speed Automatic,5 miles,Southfork Chrysler Dodge Jeep Ram,"17725 South Fwy<br>Manvel, TX 77578"
"$58,280 ","$60,280 ","$60,280 ",Jeep,Wrangler,2022,8-Speed Automatic,5 miles,Southfork Chrysler Dodge Jeep Ram,"17725 South Fwy<br>Manvel, TX 77578"
"$61,855 ","$60,355 ","$60,355 ",Jeep,Wrangler,2022,Automatic,0 miles,Texan Chrysler Dodge Jeep Ram,"18555 Highway 59 North<br>Humble, TX 77338"
"$60,645 ","$60,645 ","$60,645 ",Jeep,Wrangler,2022,8-Speed Automatic Overdrive,0 miles,River Oaks Chrysler Jeep Dodge Ram,"4807 Kirby Drive<br>Houston, TX 77098"
"$60,645 ","$60,645 ","$60,645 ",Jeep,Wrangler,2022,8-Speed Automatic Overdrive,0 miles,River Oaks Chrysler Jeep Dodge Ram,"4807 Kirby Drive<br>Houston, TX 77098"
"$60,730 ","$60,730 ","$60,730 ",Jeep,Wrangler,2022,8-Speed Automatic Overdrive,0 miles,River Oaks Chrysler Jeep Dodge Ram,"4807 Kirby Drive<br>Houston, TX 77098"
"$60,770 ","$60,770 ","$60,770 ",Jeep,Wrangler,2022,Automatic,1 miles,Big Star Chrysler Jeep Dodge RAM Fiat Clear Lake,"15711 Gulf Fwy<br>Webster, TX 77598"
"$60,940 ","$60,940 ","$60,940 ",Jeep,Wrangler,2022,Automatic,0 miles,Gillman Jeep,"10575 W Sam Houston Pkwy S<br>Houston, TX 77099"
"$61,860 ","$61,860 ","$61,860 ",Jeep,Wrangler,2022,8-Speed Automatic,---,Tomball Dodge Chrysler Jeep,"23777 Highway 249<br>Tomball, TX 77375"
"$59,965 ","$61,965 ","$61,965 ",Jeep,Wrangler,2022,8-Speed Automatic,5 miles,Southfork Chrysler Dodge Jeep Ram,"17725 South Fwy<br>Manvel, TX 77578"
"$59,965 ","$61,965 ","$61,965 ",Jeep,Wrangler,2022,8-Speed Automatic,10 miles,Southfork Chrysler Dodge Jeep Ram,"17725 South Fwy<br>Manvel, TX 77578"
"$65,725 ","$62,325 ","$62,325 ",Jeep,Wrangler,2022,8-Speed Automatic,0 miles,Mac Haik Chrysler Dodge Jeep RAM Energy Corridor,"12111 Katy Fwy<br>Houston, TX 77079"
"$61,935 ","$61,935 ","$62,381 ",Jeep,Wrangler,2022,8-Speed Automatic,15 miles,Premier CDJR of Lamesa,"1611 Lubbock Hwy<br>Lamesa, TX 79331"
"$57,480 ","$62,480 ","$62,480 ",Jeep,Wrangler,2022,8-Speed Automatic,5 miles,Southfork Chrysler Dodge Jeep Ram,"17725 South Fwy<br>Manvel, TX 77578"
"$62,860 ","$62,860 ","$62,860 ",Jeep,Wrangler,2022,8-Speed Automatic,---,Tomball Dodge Chrysler Jeep,"23777 Highway 249<br>Tomball, TX 77375"
"$61,075 ","$63,075 ","$63,075 ",Jeep,Wrangler,2022,8-Speed Automatic,10 miles,Southfork Chrysler Dodge Jeep Ram,"17725 South Fwy<br>Manvel, TX 77578"
"$63,075 ","$63,075 ","$63,075 ",Jeep,Wrangler,2022,8-Speed Automatic,---,Yaklin Chrysler Dodge Jeep Ram of Angleton,"1212 S Velasco St<br>Angleton, TX 77515"
"$63,170 ","$63,170 ","$63,170 ",Jeep,Wrangler,2022,Automatic,0 miles,Gillman Jeep,"10575 W Sam Houston Pkwy S<br>Houston, TX 77099"
"$61,925 ","$63,925 ","$63,925 ",Jeep,Wrangler,2022,8-Speed Automatic,5 miles,Southfork Chrysler Dodge Jeep Ram,"17725 South Fwy<br>Manvel, TX 77578"
"$62,550 ","$64,550 ","$64,550 ",Jeep,Wrangler,2022,8-Speed Automatic,5 miles,Southfork Chrysler Dodge Jeep Ram,"17725 South Fwy<br>Manvel, TX 77578"
"$60,425 ","$64,900 ","$64,900 ",Jeep,Wrangler,2022,Automatic,4 miles,Crossroads Dodge Chrysler Jeep Ram,"320 Highway 146 Byp<br>Liberty, TX 77575"
"$61,165 ","$65,888 ","$65,888 ",Jeep,Wrangler,2022,8-Speed Automatic Overdrive,0 miles,Helfman Dodge Chrysler Jeep Ram,"7720 Katy Freeway<br>Houston, TX 77024"
"$66,560 ","$66,560 ","$66,560 ",Jeep,Wrangler,2022,8-Speed Automatic,---,Tomball Dodge Chrysler Jeep,"23777 Highway 249<br>Tomball, TX 77375"
"$67,105 ","$67,105 ","$67,105 ",Jeep,Wrangler,2022,Automatic,2 miles,Northwest Chrysler Jeep Dodge,"19616 Northwest Fwy<br>Houston, TX 77065"
"$67,560 ","$67,560 ","$67,560 ",Jeep,Wrangler,2022,8-Speed Automatic,---,Tomball Dodge Chrysler Jeep,"23777 Highway 249<br>Tomball, TX 77375"
"$67,935 ","$67,935 ","$68,381 ",Jeep,Wrangler,2022,8-Speed Automatic,15 miles,Premier CDJR of Lamesa,"1611 Lubbock Hwy<br>Lamesa, TX 79331"
"$68,885 ","$68,885 ","$68,885 ",Jeep,Wrangler,2022,8-Speed Automatic Overdrive,0 miles,River Oaks Chrysler Jeep Dodge Ram,"4807 Kirby Drive<br>Houston, TX 77098"
"$64,480 ","$69,888 ","$69,888 ",Jeep,Wrangler,2022,8-Speed Automatic Overdrive,0 miles,Helfman Dodge Chrysler Jeep Ram,"7720 Katy Freeway<br>Houston, TX 77024"
"$70,030 ","$70,030 ","$70,030 ",Jeep,Wrangler,2022,8-Speed Automatic Overdrive,0 miles,River Oaks Chrysler Jeep Dodge Ram,"4807 Kirby Drive<br>Houston, TX 77098"
"$71,195 ","$71,195 ","$71,195 ",Jeep,Wrangler,2022,Automatic,2 miles,Northwest Chrysler Jeep Dodge,"19616 Northwest Fwy<br>Houston, TX 77065"
"$70,935 ","$72,935 ","$72,935 ",Jeep,Wrangler,2022,8-Speed Automatic,5 miles,Southfork Chrysler Dodge Jeep Ram,"17725 South Fwy<br>Manvel, TX 77578"
"$70,970 ","$74,888 ","$74,888 ",Jeep,Wrangler,2022,8-Speed Automatic Overdrive,0 miles,Helfman Dodge Chrysler Jeep Ram,"7720 Katy Freeway<br>Houston, TX 77024"
"$70,055 ","$75,888 ","$75,888 ",Jeep,Wrangler,2022,8-Speed Automatic Overdrive,0 miles,Helfman Dodge Chrysler Jeep Ram,"7720 Katy Freeway<br>Houston, TX 77024"
"$73,055 ","$77,888 ","$77,888 ",Jeep,Wrangler,2022,8-Speed Automatic Overdrive,0 miles,Helfman Dodge Chrysler Jeep Ram,"7720 Katy Freeway<br>Houston, TX 77024"
"$38,878 ","$38,878 ","$38,878 ",Toyota,Tundra,2022,Automatic,5 miles,Fred Haas Toyota World,"20400 Interstate 45<br>Spring, TX 77373"
"$38,878 ","$38,878 ","$38,878 ",Toyota,Tundra,2022,Automatic,5 miles,Fred Haas Toyota World,"20400 Interstate 45<br>Spring, TX 77373"
"$42,220 ","$42,220 ","$42,220 ",Toyota,Tundra,2022,Automatic,---,Toyota of Katy,"21555 Katy Freeway<br>Katy, TX 77450"
"$45,101 ","$45,101 ","$45,101 ",Toyota,Tundra,2022,Automatic,---,Mike Calvert Toyota,"2333 South Loop West<br>Houston, TX 77054"
"$46,719 ","$46,719 ","$46,719 ",Toyota,Tundra,2022,Automatic,7 miles,Fred Haas Toyota Country,"22435 State Highway 249<br>Houston, TX 77070"
"$47,381 ","$47,381 ","$47,381 ",Toyota,Tundra,2022,Automatic,5 miles,Fred Haas Toyota World,"20400 Interstate 45<br>Spring, TX 77373"
"$47,976 ","$47,976 ","$47,976 ",Toyota,Tundra,2022,Automatic,5 miles,Fred Haas Toyota World,"20400 Interstate 45<br>Spring, TX 77373"
"$48,905 ","$48,905 ","$48,905 ",Toyota,Tundra,2022,Automatic,---,Gullo Toyota of Conroe,"500 I-45 South<br>Conroe, TX 77304"
"$48,906 ","$50,401 ","$50,401 ",Toyota,Tundra,2022,Automatic,5 miles,Sterling McCall Toyota Fort Bend,"20465 Southwest Freeway<br>Richmond, TX 77469"
"$48,957 ","$48,957 ","$48,957 ",Toyota,Tundra,2022,Automatic,---,Toyota of Katy,"21555 Katy Freeway<br>Katy, TX 77450"
"$48,984 ","$48,984 ","$48,984 ",Toyota,Tundra,2022,Automatic,5 miles,Fred Haas Toyota World,"20400 Interstate 45<br>Spring, TX 77373"
"$49,036 ","$49,036 ","$49,036 ",Toyota,Tundra,2022,Automatic,5 miles,Fred Haas Toyota World,"20400 Interstate 45<br>Spring, TX 77373"
"$48,957 ","$48,957 ","$49,194 ",Toyota,Tundra,2022,Automatic,1 miles,Family Toyota of Arlington,"1661 Wet N Wild Way<br>Arlington, TX 76011"
"$49,409 ","$49,409 ","$49,409 ",Toyota,Tundra,2022,Automatic,5 miles,Fred Haas Toyota World,"20400 Interstate 45<br>Spring, TX 77373"
"$51,566 ","$53,061 ","$53,061 ",Toyota,Tundra,2022,Automatic,5 miles,Sterling McCall Toyota Fort Bend,"20465 Southwest Freeway<br>Richmond, TX 77469"
"$51,910 ","$51,910 ","$51,910 ",Toyota,Tundra,2022,Automatic,---,Toyota of Katy,"21555 Katy Freeway<br>Katy, TX 77450"
"$50,451 ","$51,946 ","$51,946 ",Toyota,Tundra,2022,,5 miles,Sterling Mccall Toyota,"9400 Southwest Freeway<br>Houston, TX 77074"
"$52,044 ","$52,044 ","$52,044 ",Toyota,Tundra,2022,Automatic,5 miles,Fred Haas Toyota World,"20400 Interstate 45<br>Spring, TX 77373"
"$52,044 ","$52,044 ","$52,044 ",Toyota,Tundra,2022,Automatic,19 miles,Fred Haas Toyota World,"20400 Interstate 45<br>Spring, TX 77373"
"$52,471 ","$52,471 ","$52,471 ",Toyota,Tundra,2022,Automatic,5 miles,Fred Haas Toyota World,"20400 Interstate 45<br>Spring, TX 77373"
"$55,733 ","$55,733 ","$55,733 ",Toyota,Tundra,2022,Automatic,---,Don McGill Toyota of Houston,"11800 Katy Freeway<br>Houston, TX 77079"
"$56,014 ","$56,014 ","$56,014 ",Toyota,Tundra,2022,Automatic,---,Gullo Toyota of Conroe,"500 I-45 South<br>Conroe, TX 77304"
"$56,114 ","$56,114 ","$56,114 ",Toyota,Tundra,2022,Automatic,---,Gullo Toyota of Conroe,"500 I-45 South<br>Conroe, TX 77304"
"$56,114 ","$56,114 ","$56,114 ",Toyota,Tundra,2022,Automatic,---,Gullo Toyota of Conroe,"500 I-45 South<br>Conroe, TX 77304"
"$57,556 ","$57,556 ","$57,556 ",Toyota,Tundra,2022,Automatic,7 miles,Gullo Toyota of Conroe,"500 I-45 South<br>Conroe, TX 77304"
"$65,378 ","$65,378 ","$65,378 ",Toyota,Tundra,2022,Automatic,---,Toyota of Katy,"21555 Katy Freeway<br>Katy, TX 77450"
"$58,970 ","$58,970 ","$58,970 ",Toyota,Tundra,2022,Automatic,---,Don McGill Toyota of Houston,"11800 Katy Freeway<br>Houston, TX 77079"
"$58,640 ","$58,640 ","$59,075 ",Toyota,Tundra,2022,Automatic,0 miles,Toyota of Laredo,"6324 Bob Bullock Loop<br>Laredo, TX 78041"
"$59,218 ","$60,713 ","$60,713 ",Toyota,Tundra,2022,Automatic,5 miles,Sterling McCall Toyota Fort Bend,"20465 Southwest Freeway<br>Richmond, TX 77469"
"$59,233 ","$59,233 ","$59,233 ",Toyota,Tundra,2022,Automatic,---,Gullo Toyota of Conroe,"500 I-45 South<br>Conroe, TX 77304"
"$60,242 ","$60,242 ","$60,242 ",Toyota,Tundra,2022,Automatic,---,Gullo Toyota of Conroe,"500 I-45 South<br>Conroe, TX 77304"
"$59,949 ","$59,949 ","$60,384 ",Toyota,Tundra,2022,Automatic,5 miles,"Powell Watson Motors, Inc.","6301 Arena Blvd<br>Laredo, TX 78041"
"$62,052 ","$62,052 ","$62,052 ",Toyota,Tundra,2022,Automatic,"4,359 miles",Gullo Toyota of Conroe,"500 I-45 South<br>Conroe, TX 77304"
"$62,325 ","$62,325 ","$62,325 ",Toyota,Tundra,2022,Automatic,---,Gullo Toyota of Conroe,"500 I-45 South<br>Conroe, TX 77304"
"$66,645 ","$66,645 ","$66,645 ",Toyota,Tundra,2022,Automatic,---,Don McGill Toyota of Houston,"11800 Katy Freeway<br>Houston, TX 77079"
"$67,771 ","$67,771 ","$67,771 ",Toyota,Tundra,2022,Automatic,---,Gullo Toyota of Conroe,"500 I-45 South<br>Conroe, TX 77304"
"$68,600 ","$68,600 ","$68,600 ",Toyota,Tundra,2022,Automatic,5 miles,Gullo Toyota of Conroe,"500 I-45 South<br>Conroe, TX 77304"
"$67,253 ","$68,748 ","$68,748 ",Toyota,Tundra,2022,Automatic,10 miles,Sterling McCall Toyota Fort Bend,"20465 Southwest Freeway<br>Richmond, TX 77469"
"$78,001 ","$78,001 ","$78,001 ",Toyota,Tundra,2022,Automatic,6 miles,Gullo Toyota of Conroe,"500 I-45 South<br>Conroe, TX 77304"
"$78,426 ","$78,426 ","$78,426 ",Toyota,Tundra,2022,Automatic,---,Mike Calvert Toyota,"2333 South Loop West<br>Houston, TX 77054"
Not Provided,"$78,990 ","$78,990 ",Toyota,Tundra,2022,Automatic,248 miles,Mike Calvert Toyota,"2333 South Loop West<br>Houston, TX 77054"