,Dealer's Price:,MSRP:,Location:,Mileage:,Transmission:,Exterior Color:,Interior Color:,Est. Gas Mileage*:,Battery Performance:,Engine:,Drivetrain:,Fuel Type:,VIN:,Stock #:,Condition:,Price:,Model:,Dealer Name:,Dealer Address:,Delivery:,Price + Delivery:,Cabin Size:
0,"$54,880","$58,280","Houston, TX
18 mi away",0 miles,8-Speed Automatic,Sting-Gray,Black,"20 MPG City
20 MPG Highway
20 MPG Combined","2.4 hr charge time, 21 mi range",375 hp 2L I4,Four-Wheel Drive,Gasoline,1C4JJXP64NW275797,275797,New,"$54,880",Wrangler,Mac Haik Chrysler Dodge Jeep RAM Energy Corridor,"12111 Katy Fwy<br>Houston, TX 77079",,,
1,"$54,880","$58,280","Houston, TX
18 mi away",0 miles,8-Speed Automatic,Sting-Gray,Black,"20 MPG City
20 MPG Highway
20 MPG Combined","2.4 hr charge time, 21 mi range",375 hp 2L I4,Four-Wheel Drive,Gasoline,1C4JJXP64NW275797,275797,New,"$54,880",Wrangler,Mac Haik Chrysler Dodge Jeep RAM Energy Corridor,"12111 Katy Fwy<br>Houston, TX 77079",,,
2,"$54,887","$56,980","Lake Charles, LA
134 mi away",---,8-Speed Automatic,Bright White Clearcoat,Dark Saddle/Black,"20 MPG City
20 MPG Highway
20 MPG Combined","2.4 hr charge time, 21 mi range",375 hp 2L I4,Four-Wheel Drive,Gasoline,1C4JJXP68NW260722,NW260722,New,"$55,084",Wrangler,Mark Dodge,"3777 Gerstner Memorial Blvd<br>Lake Charles, LA 70607",$196,"$55,084",
3,"$54,973","$57,075","Lake Charles, LA
134 mi away",---,8-Speed Automatic,Hydro Blue Pearl Coat,Black,"20 MPG City
20 MPG Highway
20 MPG Combined","2.4 hr charge time, 21 mi range",375 hp 2L I4,Four-Wheel Drive,Gasoline,1C4JJXP65NW239486,NW239486,New,"$55,170",Wrangler,Mark Dodge,"3777 Gerstner Memorial Blvd<br>Lake Charles, LA 70607",$196,"$55,170",
4,"$54,981","$57,085","Lake Charles, LA
134 mi away",---,8-Speed Automatic,Bright White Clearcoat,Black,"20 MPG City
20 MPG Highway
20 MPG Combined","2.4 hr charge time, 21 mi range",375 hp 2L I4,Four-Wheel Drive,Gasoline,1C4JJXP69NW271678,NW271678,New,"$55,178",Wrangler,Mark Dodge,"3777 Gerstner Memorial Blvd<br>Lake Charles, LA 70607",$196,"$55,178",
5,"$55,485","$58,885","Houston, TX
18 mi away",0 miles,8-Speed Automatic,Bright White,Black,"20 MPG City
20 MPG Highway
20 MPG Combined","2.4 hr charge time, 21 mi range",375 hp 2L I4,Four-Wheel Drive,Gasoline,1C4JJXP60NW275795,275795,New,"$55,485",Wrangler,Mac Haik Chrysler Dodge Jeep RAM Energy Corridor,"12111 Katy Fwy<br>Houston, TX 77079",,,
6,"$55,427","$57,580","Lake Charles, LA
134 mi away",---,8-Speed Automatic,Brown (Limited Edition Gobi Clearcoat),Dark Saddle/Black,"20 MPG City
20 MPG Highway
20 MPG Combined","2.4 hr charge time, 21 mi range",375 hp 2L I4,Four-Wheel Drive,Gasoline,1C4JJXP62NW239686,NW239686,New,"$55,624",Wrangler,Mark Dodge,"3777 Gerstner Memorial Blvd<br>Lake Charles, LA 70607",$196,"$55,624",
7,"$55,880","$59,280","Houston, TX
18 mi away",0 miles,8-Speed Automatic,Black,Black,"20 MPG City
20 MPG Highway
20 MPG Combined","2.4 hr charge time, 21 mi range",375 hp 2L I4,Four-Wheel Drive,Gasoline,1C4JJXP69NW275794,275794,New,"$55,880",Wrangler,Mac Haik Chrysler Dodge Jeep RAM Energy Corridor,"12111 Katy Fwy<br>Houston, TX 77079",,,
8,"$56,724","$57,885","Lake Charles, LA
134 mi away",---,8-Speed Automatic,Bright White Clearcoat,Black,"20 MPG City
20 MPG Highway
20 MPG Combined","2.4 hr charge time, 21 mi range",375 hp 2L I4,Four-Wheel Drive,Gasoline,1C4JJXP67NW271677,NW271677,New,"$56,921",Wrangler,Mark Dodge,"3777 Gerstner Memorial Blvd<br>Lake Charles, LA 70607",$196,"$56,921",
9,"$57,085","$57,085","Houston, TX
24 mi away",2 miles,Automatic,Bright White Clearcoat,Black,"20 MPG City
20 MPG Highway
20 MPG Combined","2.4 hr charge time, 21 mi range",375 hp 2L I4,Four-Wheel Drive,Gasoline,1C4JJXP62NW177898,NW177898,New,"$57,085",Wrangler,Northwest Chrysler Jeep Dodge,"19616 Northwest Fwy<br>Houston, TX 77065",,,
10,"$57,078","$58,280","Lake Charles, LA
134 mi away",---,8-Speed Automatic,Bright White Clearcoat,Black,"20 MPG City
20 MPG Highway
20 MPG Combined","2.4 hr charge time, 21 mi range",375 hp 2L I4,Four-Wheel Drive,Gasoline,1C4JJXP60NW276283,NW276283,New,"$57,275",Wrangler,Mark Dodge,"3777 Gerstner Memorial Blvd<br>Lake Charles, LA 70607",$196,"$57,275",
11,"$57,263","$59,620","Lake Charles, LA
134 mi away",---,8-Speed Automatic,Gray (Granite Crystal Metallic Clearcoat),Black,"20 MPG City
20 MPG Highway
20 MPG Combined","2.4 hr charge time, 21 mi range",375 hp 2L I4,Four-Wheel Drive,Gasoline,1C4JJXP61NW153298,NW153298,New,"$57,460",Wrangler,Mark Dodge,"3777 Gerstner Memorial Blvd<br>Lake Charles, LA 70607",$196,"$57,460",
12,"$57,475","$58,975","Humble, TX
22 mi away",0 miles,Automatic,Yellow (High Velocity Clearcoat),Black,"20 MPG City
20 MPG Highway
20 MPG Combined","2.4 hr charge time, 21 mi range",375 hp 2L I4,Four-Wheel Drive,Gasoline,1C4JJXP64NW205281,NW205281,New,"$57,475",Wrangler,Texan Chrysler Dodge Jeep Ram,"18555 Highway 59 North<br>Humble, TX 77338",,,
13,"$57,880","$59,380","Humble, TX
22 mi away",0 miles,Automatic,Bright White Clearcoat,Black,"20 MPG City
20 MPG Highway
20 MPG Combined","2.4 hr charge time, 21 mi range",375 hp 2L I4,Four-Wheel Drive,Gasoline,1C4JJXP65NW197997,NW197997,New,"$57,880",Wrangler,Texan Chrysler Dodge Jeep Ram,"18555 Highway 59 North<br>Humble, TX 77338",,,
14,"$57,975","$59,475","Humble, TX
22 mi away",0 miles,Automatic,Sting-Gray Clearcoat,Black,"20 MPG City
20 MPG Highway
20 MPG Combined","2.4 hr charge time, 21 mi range",375 hp 2L I4,Four-Wheel Drive,Gasoline,1C4JJXP66NW227976,NW227976,New,"$57,975",Wrangler,Texan Chrysler Dodge Jeep Ram,"18555 Highway 59 North<br>Humble, TX 77338",,,
15,"$57,975","$59,475","Humble, TX
22 mi away",0 miles,Automatic,Gray (Granite Crystal Metallic Clearcoat),Black,"20 MPG City
20 MPG Highway
20 MPG Combined","2.4 hr charge time, 21 mi range",375 hp 2L I4,Four-Wheel Drive,Gasoline,1C4JJXP62NW227974,NW227974,New,"$57,975",Wrangler,Texan Chrysler Dodge Jeep Ram,"18555 Highway 59 North<br>Humble, TX 77338",,,
16,"$58,230",Not Provided,"Dickinson, TX
21 mi away",10 miles,8-Speed Automatic,Bright White Clearcoat,,"20 MPG City
20 MPG Highway
20 MPG Combined","2.4 hr charge time, 21 mi range",375 hp 2L I4,Four-Wheel Drive,Gasoline,1C4JJXP65NW114696,NW114696,New,"$58,230",Wrangler,Ron Carter Chrysler Jeep Dodge of League City,"3535 Gulf Freeway South<br>Dickinson, TX 77539",,,
17,"$58,275","$59,775","Humble, TX
22 mi away",0 miles,Automatic,Sting-Gray Clearcoat,Black,"20 MPG City
20 MPG Highway
20 MPG Combined","2.4 hr charge time, 21 mi range",375 hp 2L I4,Four-Wheel Drive,Gasoline,1C4JJXP67NW197998,NW197998,New,"$58,275",Wrangler,Texan Chrysler Dodge Jeep Ram,"18555 Highway 59 North<br>Humble, TX 77338",,,
18,"$58,380",Not Provided,"Dickinson, TX
21 mi away",11 miles,8-Speed Automatic,Bright White Clearcoat,,"20 MPG City
20 MPG Highway
20 MPG Combined","2.4 hr charge time, 21 mi range",375 hp 2L I4,Four-Wheel Drive,Gasoline,1C4JJXP66NW227931,NW227931,New,"$58,380",Wrangler,Ron Carter Chrysler Jeep Dodge of League City,"3535 Gulf Freeway South<br>Dickinson, TX 77539",,,
19,"$58,625",Not Provided,"Dickinson, TX
21 mi away",10 miles,8-Speed Automatic,Black Clearcoat,,"20 MPG City
20 MPG Highway
20 MPG Combined","2.4 hr charge time, 21 mi range",375 hp 2L I4,Four-Wheel Drive,Gasoline,1C4JJXP63NW114695,NW114695,New,"$58,625",Wrangler,Ron Carter Chrysler Jeep Dodge of League City,"3535 Gulf Freeway South<br>Dickinson, TX 77539",,,
20,"$58,617","$61,125","Lake Charles, LA
134 mi away",---,8-Speed Automatic,Brown (Limited Edition Gobi Clearcoat),Dark Saddle/Black,"20 MPG City
20 MPG Highway
20 MPG Combined","2.4 hr charge time, 21 mi range",375 hp 2L I4,Four-Wheel Drive,Gasoline,1C4JJXP65NW233834,NW233834,New,"$58,814",Wrangler,Mark Dodge,"3777 Gerstner Memorial Blvd<br>Lake Charles, LA 70607",$196,"$58,814",
21,"$58,885","$60,385","Humble, TX
22 mi away",0 miles,Automatic,Black Clearcoat,Black,"20 MPG City
20 MPG Highway
20 MPG Combined","2.4 hr charge time, 21 mi range",375 hp 2L I4,Four-Wheel Drive,Gasoline,1C4JJXP64NW278232,NW278232,New,"$58,885",Wrangler,Texan Chrysler Dodge Jeep Ram,"18555 Highway 59 North<br>Humble, TX 77338",,,
22,"$58,970","$60,470","Humble, TX
22 mi away",0 miles,Automatic,Black Clearcoat,Black,"20 MPG City
20 MPG Highway
20 MPG Combined","2.4 hr charge time, 21 mi range",375 hp 2L I4,Four-Wheel Drive,Gasoline,1C4JJXP60NW279829,NW279829,New,"$58,970",Wrangler,Texan Chrysler Dodge Jeep Ram,"18555 Highway 59 North<br>Humble, TX 77338",,,
23,"$58,580","$58,580","Lamesa, TX
445 mi away",25 miles,8-Speed Automatic,Bright White Clearcoat,Black,"20 MPG City
20 MPG Highway
20 MPG Combined","2.4 hr charge time, 21 mi range",375 hp 2L I4,Four-Wheel Drive,Gasoline,1C4JJXP60NW177883,NW177883,New,"$59,026",Wrangler,Premier CDJR of Lamesa,"1611 Lubbock Hwy<br>Lamesa, TX 79331",$446,"$59,026",
24,"$59,070","$59,070","Webster, TX
11 mi away",1 miles,Automatic,Sarge Green Clearcoat,Black,"20 MPG City
20 MPG Highway
20 MPG Combined","2.4 hr charge time, 21 mi range",375 hp 2L I4,Four-Wheel Drive,Gasoline,1C4JJXP6XNW198191,NW198191,New,"$59,070",Wrangler,Big Star Chrysler Jeep Dodge RAM Fiat Clear Lake,"15711 Gulf Fwy<br>Webster, TX 77598",,,
25,"$59,070","$59,070","Webster, TX
11 mi away",1 miles,Automatic,Black Clearcoat,Black,"20 MPG City
20 MPG Highway
20 MPG Combined","2.4 hr charge time, 21 mi range",375 hp 2L I4,Four-Wheel Drive,Gasoline,1C4JJXP61NW198189,NW198189,New,"$59,070",Wrangler,Big Star Chrysler Jeep Dodge RAM Fiat Clear Lake,"15711 Gulf Fwy<br>Webster, TX 77598",,,
26,"$59,230","$60,730","Humble, TX
22 mi away",0 miles,Automatic,Sting-Gray Clearcoat,Black,"20 MPG City
20 MPG Highway
20 MPG Combined","2.4 hr charge time, 21 mi range",375 hp 2L I4,Four-Wheel Drive,Gasoline,1C4JJXP66NW218825,NW218825,New,"$59,230",Wrangler,Texan Chrysler Dodge Jeep Ram,"18555 Highway 59 North<br>Humble, TX 77338",,,
27,"$59,056","$60,475","Lake Charles, LA
134 mi away",---,8-Speed Automatic,Black Clearcoat,Black,"20 MPG City
20 MPG Highway
20 MPG Combined","2.4 hr charge time, 21 mi range",375 hp 2L I4,Four-Wheel Drive,Gasoline,1C4JJXP69NW278338,NW278338,New,"$59,253",Wrangler,Mark Dodge,"3777 Gerstner Memorial Blvd<br>Lake Charles, LA 70607",$196,"$59,253",
28,"$59,350","$59,350","Tomball, TX
30 mi away",---,8-Speed Automatic,Bright White Clearcoat,White (Clx9),"20 MPG City
20 MPG Highway
20 MPG Combined","2.4 hr charge time, 21 mi range",375 hp 2L I4,Four-Wheel Drive,Gasoline,1C4JJXP63NW198467,52831458,New,"$59,350",Wrangler,Tomball Dodge Chrysler Jeep,"23777 Highway 249<br>Tomball, TX 77375",,,
29,"$59,480","$57,480","Manvel, TX
12 mi away",10 miles,8-Speed Automatic,Gray (Granite Crystal Metallic Clearcoat),Black,"20 MPG City
20 MPG Highway
20 MPG Combined","2.4 hr charge time, 21 mi range",375 hp 2L I4,Four-Wheel Drive,Gasoline,1C4JJXP69NW229317,NW229317,New,"$59,480",Wrangler,Southfork Chrysler Dodge Jeep Ram,"17725 South Fwy<br>Manvel, TX 77578",,,
30,"$59,675","$59,675","Houston, TX
7 mi away",0 miles,8-Speed Automatic Overdrive,Bright White Clearcoat,Black,,"2.4 hr charge time, 21 mi range",375 hp 2L I4,Four-Wheel Drive,Gasoline,1C4JJXP61NW179058,NW179058,New,"$59,675",Wrangler,River Oaks Chrysler Jeep Dodge Ram,"4807 Kirby Drive<br>Houston, TX 77098",,,
31,"$59,770","$59,770","Houston, TX
24 mi away",2 miles,Automatic,Gray (Granite Crystal Metallic Clearcoat),Black,"20 MPG City
20 MPG Highway
20 MPG Combined","2.4 hr charge time, 21 mi range",375 hp 2L I4,Four-Wheel Drive,Gasoline,1C4JJXP63NW136907,NW136907,New,"$59,770",Wrangler,Northwest Chrysler Jeep Dodge,"19616 Northwest Fwy<br>Houston, TX 77065",,,
32,"$59,870","$59,870","Houston, TX
7 mi away",0 miles,8-Speed Automatic Overdrive,Sting-Gray Clearcoat,Dark Saddle/Black,,"2.4 hr charge time, 21 mi range",375 hp 2L I4,Four-Wheel Drive,Gasoline,1C4JJXP69NW276427,NW276427,New,"$59,870",Wrangler,River Oaks Chrysler Jeep Dodge Ram,"4807 Kirby Drive<br>Houston, TX 77098",,,
33,"$59,730","$61,225","Lake Charles, LA
134 mi away",---,8-Speed Automatic,Silver Zynith Clearcoat,Black,"20 MPG City
20 MPG Highway
20 MPG Combined","2.4 hr charge time, 21 mi range",375 hp 2L I4,Four-Wheel Drive,Gasoline,1C4JJXP61NW277586,NW277586,New,"$59,927",Wrangler,Mark Dodge,"3777 Gerstner Memorial Blvd<br>Lake Charles, LA 70607",$196,"$59,927",
34,"$60,070","$60,070","Pasadena, TX
12 mi away",0 miles,8-Speed Automatic,Silver Zynith,Black,"20 MPG City
20 MPG Highway
20 MPG Combined","2.4 hr charge time, 21 mi range",375 hp 2L I4,Four-Wheel Drive,Gasoline,1C4JJXP66NW198186,198186,New,"$60,070",Wrangler,Bayway Chrysler Dodge Jeep Ram,"4000 Pasadena Fwy<br>Pasadena, TX 77503",,,
35,"$60,070","$60,070","Houston, TX
7 mi away",0 miles,8-Speed Automatic Overdrive,Silver Zynith Clearcoat,Black,,"2.4 hr charge time, 21 mi range",375 hp 2L I4,Four-Wheel Drive,Gasoline,1C4JJXP6XNW179060,NW179060,New,"$60,070",Wrangler,River Oaks Chrysler Jeep Dodge Ram,"4807 Kirby Drive<br>Houston, TX 77098",,,
36,"$60,070","$60,070","Houston, TX
7 mi away",0 miles,8-Speed Automatic Overdrive,Silver Zynith Clearcoat,Black,,"2.4 hr charge time, 21 mi range",375 hp 2L I4,Four-Wheel Drive,Gasoline,1C4JJXP63NW179059,NW179059,New,"$60,070",Wrangler,River Oaks Chrysler Jeep Dodge Ram,"4807 Kirby Drive<br>Houston, TX 77098",,,
37,"$60,070","$60,070","Houston, TX
7 mi away",0 miles,8-Speed Automatic Overdrive,Silver Zynith Clearcoat,Dark Saddle/Black,,"2.4 hr charge time, 21 mi range",375 hp 2L I4,Four-Wheel Drive,Gasoline,1C4JJXP66NW179055,NW179055,New,"$60,070",Wrangler,River Oaks Chrysler Jeep Dodge Ram,"4807 Kirby Drive<br>Houston, TX 77098",,,
38,"$60,070","$60,070","Houston, TX
7 mi away",0 miles,8-Speed Automatic Overdrive,Black Clearcoat,Black,,"2.4 hr charge time, 21 mi range",375 hp 2L I4,Four-Wheel Drive,Gasoline,1C4JJXP6XNW179057,NW179057,New,"$60,070",Wrangler,River Oaks Chrysler Jeep Dodge Ram,"4807 Kirby Drive<br>Houston, TX 77098",,,
39,"$60,070","$60,070","Houston, TX
7 mi away",0 miles,8-Speed Automatic Overdrive,Silver Zynith Clearcoat,Dark Saddle/Black,,"2.4 hr charge time, 21 mi range",375 hp 2L I4,Four-Wheel Drive,Gasoline,1C4JJXP64NW179054,NW179054,New,"$60,070",Wrangler,River Oaks Chrysler Jeep Dodge Ram,"4807 Kirby Drive<br>Houston, TX 77098",,,
40,"$60,070","$60,070","Houston, TX
7 mi away",0 miles,8-Speed Automatic Overdrive,Sting-Gray Clearcoat,Dark Saddle/Black,,"2.4 hr charge time, 21 mi range",375 hp 2L I4,Four-Wheel Drive,Gasoline,1C4JJXP68NW179056,NW179056,New,"$60,070",Wrangler,River Oaks Chrysler Jeep Dodge Ram,"4807 Kirby Drive<br>Houston, TX 77098",,,
41,"$60,080","$60,080","Sealy, TX
48 mi away",11 miles,Automatic,Bright White Clearcoat,Black,"20 MPG City
20 MPG Highway
20 MPG Combined","2.4 hr charge time, 21 mi range",375 hp 2L I4,Four-Wheel Drive,Gasoline,1C4JJXP64NW198395,NW198395,New,"$60,080",Wrangler,Momentum Chrysler Dodge Jeep Ram,"3704 NE I 10 Frontage Rd<br>Sealy, TX 77474",,,
42,"$59,950","$61,470","Lake Charles, LA
134 mi away",---,8-Speed Automatic,Brown (Limited Edition Gobi Clearcoat),Dark Saddle/Black,"20 MPG City
20 MPG Highway
20 MPG Combined","2.4 hr charge time, 21 mi range",375 hp 2L I4,Four-Wheel Drive,Gasoline,1C4JJXP68NW236159,NW236159,New,"$60,147",Wrangler,Mark Dodge,"3777 Gerstner Memorial Blvd<br>Lake Charles, LA 70607",$196,"$60,147",
43,"$59,952","$61,470","Lake Charles, LA
134 mi away",---,8-Speed Automatic,Sarge Green Clearcoat,Black,"20 MPG City
20 MPG Highway
20 MPG Combined","2.4 hr charge time, 21 mi range",375 hp 2L I4,Four-Wheel Drive,Gasoline,1C4JJXP61NW153303,NW153303,New,"$60,149",Wrangler,Mark Dodge,"3777 Gerstner Memorial Blvd<br>Lake Charles, LA 70607",$196,"$60,149",
44,"$59,952","$61,470","Lake Charles, LA
134 mi away",---,8-Speed Automatic,Yellow (High Velocity Clearcoat),Black,"20 MPG City
20 MPG Highway
20 MPG Combined","2.4 hr charge time, 21 mi range",375 hp 2L I4,Four-Wheel Drive,Gasoline,1C4JJXP67NW277754,NW277754,New,"$60,149",Wrangler,Mark Dodge,"3777 Gerstner Memorial Blvd<br>Lake Charles, LA 70607",$196,"$60,149",
45,"$60,250","$60,250","Pasadena, TX
12 mi away",10 miles,8-Speed Automatic,Bright White,Black,"20 MPG City
20 MPG Highway
20 MPG Combined","2.4 hr charge time, 21 mi range",375 hp 2L I4,Four-Wheel Drive,Gasoline,1C4JJXP67NW229509,B221140,New,"$60,250",Wrangler,Bayway Chrysler Dodge Jeep Ram,"4000 Pasadena Fwy<br>Pasadena, TX 77503",,,
46,"$60,280","$58,280","Manvel, TX
12 mi away",5 miles,8-Speed Automatic,Black Clearcoat,Black,"20 MPG City
20 MPG Highway
20 MPG Combined","2.4 hr charge time, 21 mi range",375 hp 2L I4,Four-Wheel Drive,Gasoline,1C4JJXP63NW229314,NW229314,New,"$60,280",Wrangler,Southfork Chrysler Dodge Jeep Ram,"17725 South Fwy<br>Manvel, TX 77578",,,
47,"$60,280","$58,280","Manvel, TX
12 mi away",10 miles,8-Speed Automatic,Sarge Green Clearcoat,Black,"20 MPG City
20 MPG Highway
20 MPG Combined","2.4 hr charge time, 21 mi range",375 hp 2L I4,Four-Wheel Drive,Gasoline,1C4JJXP60NW229321,NW229321,New,"$60,280",Wrangler,Southfork Chrysler Dodge Jeep Ram,"17725 South Fwy<br>Manvel, TX 77578",,,
48,"$60,280","$58,280","Manvel, TX
12 mi away",10 miles,8-Speed Automatic,Black Clearcoat,Black,"20 MPG City
20 MPG Highway
20 MPG Combined","2.4 hr charge time, 21 mi range",375 hp 2L I4,Four-Wheel Drive,Gasoline,1C4JJXP61NW229313,NW229313,New,"$60,280",Wrangler,Southfork Chrysler Dodge Jeep Ram,"17725 South Fwy<br>Manvel, TX 77578",,,
49,"$60,280","$58,280","Manvel, TX
12 mi away",5 miles,8-Speed Automatic,Gray (Granite Crystal Metallic Clearcoat),Black,"20 MPG City
20 MPG Highway
20 MPG Combined","2.4 hr charge time, 21 mi range",375 hp 2L I4,Four-Wheel Drive,Gasoline,1C4JJXP60NW229318,NW229318,New,"$60,280",Wrangler,Southfork Chrysler Dodge Jeep Ram,"17725 South Fwy<br>Manvel, TX 77578",,,
50,"$60,280","$58,280","Manvel, TX
12 mi away",5 miles,8-Speed Automatic,Hydro Blue Pearl Coat,Black,"20 MPG City
20 MPG Highway
20 MPG Combined","2.4 hr charge time, 21 mi range",375 hp 2L I4,Four-Wheel Drive,Gasoline,1C4JJXP69NW229320,NW229320,New,"$60,280",Wrangler,Southfork Chrysler Dodge Jeep Ram,"17725 South Fwy<br>Manvel, TX 77578",,,
51,"$60,355","$61,855","Humble, TX
22 mi away",0 miles,Automatic,Black Clearcoat,Black,"20 MPG City
20 MPG Highway
20 MPG Combined","2.4 hr charge time, 21 mi range",375 hp 2L I4,Four-Wheel Drive,Gasoline,1C4JJXP67NW268021,NW268021,New,"$60,355",Wrangler,Texan Chrysler Dodge Jeep Ram,"18555 Highway 59 North<br>Humble, TX 77338",,,
52,"$60,645","$60,645","Houston, TX
7 mi away",0 miles,8-Speed Automatic Overdrive,Silver Zynith Clearcoat,Black,,"2.4 hr charge time, 21 mi range",375 hp 2L I4,Four-Wheel Drive,Gasoline,1C4JJXP6XNW229956,NW229956,New,"$60,645",Wrangler,River Oaks Chrysler Jeep Dodge Ram,"4807 Kirby Drive<br>Houston, TX 77098",,,
53,"$60,645","$60,645","Houston, TX
7 mi away",0 miles,8-Speed Automatic Overdrive,Black Clearcoat,Black,,"2.4 hr charge time, 21 mi range",375 hp 2L I4,Four-Wheel Drive,Gasoline,1C4JJXP68NW229955,NW229955,New,"$60,645",Wrangler,River Oaks Chrysler Jeep Dodge Ram,"4807 Kirby Drive<br>Houston, TX 77098",,,
54,"$60,730","$60,730","Houston, TX
7 mi away",0 miles,8-Speed Automatic Overdrive,Firecracker Red Clearcoat,Black,,"2.4 hr charge time, 21 mi range",375 hp 2L I4,Four-Wheel Drive,Gasoline,1C4JJXP69NW272149,NW272149,New,"$60,730",Wrangler,River Oaks Chrysler Jeep Dodge Ram,"4807 Kirby Drive<br>Houston, TX 77098",,,
55,"$60,770","$60,770","Webster, TX
11 mi away",1 miles,Automatic,Yellow (High Velocity Clearcoat),Black,"20 MPG City
20 MPG Highway
20 MPG Combined","2.4 hr charge time, 21 mi range",375 hp 2L I4,Four-Wheel Drive,Gasoline,1C4JJXP6XNW205396,NW205396,New,"$60,770",Wrangler,Big Star Chrysler Jeep Dodge RAM Fiat Clear Lake,"15711 Gulf Fwy<br>Webster, TX 77598",,,
56,"$60,629","$63,075","Lake Charles, LA
134 mi away",---,8-Speed Automatic,Black Clearcoat,Black,"20 MPG City
20 MPG Highway
20 MPG Combined","2.4 hr charge time, 21 mi range",375 hp 2L I4,Four-Wheel Drive,Gasoline,1C4JJXR68NW249457,NW249457,New,"$60,826",Wrangler,Mark Dodge,"3777 Gerstner Memorial Blvd<br>Lake Charles, LA 70607",$196,"$60,826",
57,"$60,940","$60,940","Houston, TX
13 mi away",0 miles,Automatic,Red,Black,"20 MPG City
20 MPG Highway
20 MPG Combined","2.4 hr charge time, 21 mi range",375 hp 2L I4,Four-Wheel Drive,Gasoline,1C4JJXP62NW229255,0J220825,New,"$60,940",Wrangler,Gillman Jeep,"10575 W Sam Houston Pkwy S<br>Houston, TX 77099",,,
58,"$60,779","$62,390","Lake Charles, LA
134 mi away",---,8-Speed Automatic,Firecracker Red Clearcoat,Black,"20 MPG City
20 MPG Highway
20 MPG Combined","2.4 hr charge time, 21 mi range",375 hp 2L I4,Four-Wheel Drive,Gasoline,1C4JJXP65NW277610,NW277610,New,"$60,976",Wrangler,Mark Dodge,"3777 Gerstner Memorial Blvd<br>Lake Charles, LA 70607",$196,"$60,976",
59,"$60,782","$63,530","Lake Charles, LA
134 mi away",---,8-Speed Automatic,Bright White Clearcoat,Black,"20 MPG City
20 MPG Highway
20 MPG Combined","2.4 hr charge time, 21 mi range",375 hp 2L I4,Four-Wheel Drive,Gasoline,1C4JJXP67NW230479,NW230479,New,"$60,979",Wrangler,Mark Dodge,"3777 Gerstner Memorial Blvd<br>Lake Charles, LA 70607",$196,"$60,979",
60,"$61,034","$61,675","Lake Charles, LA
134 mi away",---,8-Speed Automatic,Bright White Clearcoat,Black,"20 MPG City
20 MPG Highway
20 MPG Combined","2.4 hr charge time, 21 mi range",375 hp 2L I4,Four-Wheel Drive,Gasoline,1C4JJXP62NW249778,NW249778,New,"$61,231",Wrangler,Mark Dodge,"3777 Gerstner Memorial Blvd<br>Lake Charles, LA 70607",$196,"$61,231",
61,"$61,164","$62,820","Lake Charles, LA
134 mi away",---,8-Speed Automatic,Gray (Granite Crystal Metallic Clearcoat),Dark Saddle/Black,"20 MPG City
20 MPG Highway
20 MPG Combined","2.4 hr charge time, 21 mi range",375 hp 2L I4,Four-Wheel Drive,Gasoline,1C4JJXP61NW220272,NW220272,New,"$61,361",Wrangler,Mark Dodge,"3777 Gerstner Memorial Blvd<br>Lake Charles, LA 70607",$196,"$61,361",
62,"$61,470","$61,470","Boulder, CO
908 mi away",2 miles,8-Speed Automatic,Black Clearcoat,Dark Saddle/Black,"20 MPG City
20 MPG Highway
20 MPG Combined","2.4 hr charge time, 21 mi range",375 hp 2L I4,Four-Wheel Drive,Gasoline,1C4JJXP63NW271126,G220269,New,"$63,740",Wrangler,Fowler Jeep of Boulder,"5075 East Pearl Pkwy<br>Boulder, CO 80301","$2,270","$63,740",
63,"$61,600","$61,600","Boulder, CO
908 mi away",2 miles,8-Speed Automatic,Bright White Clearcoat,Dark Saddle/Black,"20 MPG City
20 MPG Highway
20 MPG Combined","2.4 hr charge time, 21 mi range",375 hp 2L I4,Four-Wheel Drive,Gasoline,1C4JJXP67NW275034,G220259,New,"$63,870",Wrangler,Fowler Jeep of Boulder,"5075 East Pearl Pkwy<br>Boulder, CO 80301","$2,270","$63,870",
64,"$61,478","$62,880","Lake Charles, LA
134 mi away",---,8-Speed Automatic,Bright White Clearcoat,Black,"20 MPG City
20 MPG Highway
20 MPG Combined","2.4 hr charge time, 21 mi range",375 hp 2L I4,Four-Wheel Drive,Gasoline,1C4JJXR6XNW268026,NW268026,New,"$61,675",Wrangler,Mark Dodge,"3777 Gerstner Memorial Blvd<br>Lake Charles, LA 70607",$196,"$61,675",
65,"$61,478","$62,880","Lake Charles, LA
134 mi away",---,8-Speed Automatic,Bright White Clearcoat,Black,"20 MPG City
20 MPG Highway
20 MPG Combined","2.4 hr charge time, 21 mi range",375 hp 2L I4,Four-Wheel Drive,Gasoline,1C4JJXR6XNW268009,NW268009,New,"$61,675",Wrangler,Mark Dodge,"3777 Gerstner Memorial Blvd<br>Lake Charles, LA 70607",$196,"$61,675",
66,"$61,583","$63,285","Lake Charles, LA
134 mi away",---,8-Speed Automatic,Hydro Blue Pearl Coat,Black,"20 MPG City
20 MPG Highway
20 MPG Combined","2.4 hr charge time, 21 mi range",375 hp 2L I4,Four-Wheel Drive,Gasoline,1C4JJXP63NW259848,NW259848,New,"$61,780",Wrangler,Mark Dodge,"3777 Gerstner Memorial Blvd<br>Lake Charles, LA 70607",$196,"$61,780",
67,"$61,611","$64,450","Lake Charles, LA
134 mi away",---,8-Speed Automatic,Silver Zynith Clearcoat,Black,"20 MPG City
20 MPG Highway
20 MPG Combined","2.4 hr charge time, 21 mi range",375 hp 2L I4,Four-Wheel Drive,Gasoline,1C4JJXP68NW239658,NW239658,New,"$61,808",Wrangler,Mark Dodge,"3777 Gerstner Memorial Blvd<br>Lake Charles, LA 70607",$196,"$61,808",
68,"$61,658","$63,080","Lake Charles, LA
134 mi away",---,8-Speed Automatic,Sarge Green Clearcoat,Black,"20 MPG City
20 MPG Highway
20 MPG Combined","2.4 hr charge time, 21 mi range",375 hp 2L I4,Four-Wheel Drive,Gasoline,1C4JJXR69NW257812,NW257812,New,"$61,855",Wrangler,Mark Dodge,"3777 Gerstner Memorial Blvd<br>Lake Charles, LA 70607",$196,"$61,855",
69,"$61,860","$61,860","Tomball, TX
30 mi away",---,8-Speed Automatic,Gray (Granite Crystal Metallic Clearcoat),Gray (Clx9),"20 MPG City
20 MPG Highway
20 MPG Combined","2.4 hr charge time, 21 mi range",375 hp 2L I4,Four-Wheel Drive,Gasoline,1C4JJXP69NW278551,53921942,New,"$61,860",Wrangler,Tomball Dodge Chrysler Jeep,"23777 Highway 249<br>Tomball, TX 77375",,,
70,"$61,965","$59,965","Manvel, TX
12 mi away",5 miles,8-Speed Automatic,Gray (Granite Crystal Metallic Clearcoat),Black,"20 MPG City
20 MPG Highway
20 MPG Combined","2.4 hr charge time, 21 mi range",375 hp 2L I4,Four-Wheel Drive,Gasoline,1C4JJXP60NW213734,NW213734,New,"$61,965",Wrangler,Southfork Chrysler Dodge Jeep Ram,"17725 South Fwy<br>Manvel, TX 77578",,,
71,"$61,965","$59,965","Manvel, TX
12 mi away",10 miles,8-Speed Automatic,Black Clearcoat,Black,"20 MPG City
20 MPG Highway
20 MPG Combined","2.4 hr charge time, 21 mi range",375 hp 2L I4,Four-Wheel Drive,Gasoline,1C4JJXP69NW213733,NW213733,New,"$61,965",Wrangler,Southfork Chrysler Dodge Jeep Ram,"17725 South Fwy<br>Manvel, TX 77578",,,
72,"$61,834","$63,275","Lake Charles, LA
134 mi away",---,8-Speed Automatic,Black Clearcoat,Black,"20 MPG City
20 MPG Highway
20 MPG Combined","2.4 hr charge time, 21 mi range",375 hp 2L I4,Four-Wheel Drive,Gasoline,1C4JJXR68NW260703,NW260703,New,"$62,031",Wrangler,Mark Dodge,"3777 Gerstner Memorial Blvd<br>Lake Charles, LA 70607",$196,"$62,031",
73,"$62,325","$65,725","Houston, TX
18 mi away",0 miles,8-Speed Automatic,Black,Black,"20 MPG City
20 MPG Highway
20 MPG Combined","2.4 hr charge time, 21 mi range",375 hp 2L I4,Four-Wheel Drive,Gasoline,1C4JJXR68NW198655,198655,New,"$62,325",Wrangler,Mac Haik Chrysler Dodge Jeep RAM Energy Corridor,"12111 Katy Fwy<br>Houston, TX 77079",,,
74,"$62,184","$63,950","Lake Charles, LA
134 mi away",---,8-Speed Automatic,Black Clearcoat,Dark Saddle/Black,"20 MPG City
20 MPG Highway
20 MPG Combined","2.4 hr charge time, 21 mi range",375 hp 2L I4,Four-Wheel Drive,Gasoline,1C4JJXP60NW260309,NW260309,New,"$62,381",Wrangler,Mark Dodge,"3777 Gerstner Memorial Blvd<br>Lake Charles, LA 70607",$196,"$62,381",
75,"$61,935","$61,935","Lamesa, TX
445 mi away",15 miles,8-Speed Automatic,Black Clearcoat,Black,"20 MPG City
20 MPG Highway
20 MPG Combined","2.4 hr charge time, 21 mi range",375 hp 2L I4,Four-Wheel Drive,Gasoline,1C4JJXP65NW153563,NW153563,New,"$62,381",Wrangler,Premier CDJR of Lamesa,"1611 Lubbock Hwy<br>Lamesa, TX 79331",$446,"$62,381",
76,"$62,480","$57,480","Manvel, TX
12 mi away",5 miles,8-Speed Automatic,Yellow (High Velocity Clearcoat),Black,"20 MPG City
20 MPG Highway
20 MPG Combined","2.4 hr charge time, 21 mi range",375 hp 2L I4,Four-Wheel Drive,Gasoline,1C4JJXP62NW229319,NW229319,New,"$62,480",Wrangler,Southfork Chrysler Dodge Jeep Ram,"17725 South Fwy<br>Manvel, TX 77578",,,
77,"$62,289","$64,920","Lake Charles, LA
134 mi away",---,8-Speed Automatic,Bright White Clearcoat,Black,"20 MPG City
20 MPG Highway
20 MPG Combined","2.4 hr charge time, 21 mi range",375 hp 2L I4,Four-Wheel Drive,Gasoline,1C4JJXR63NW190253,NW190253,New,"$62,486",Wrangler,Mark Dodge,"3777 Gerstner Memorial Blvd<br>Lake Charles, LA 70607",$196,"$62,486",
78,"$62,378","$63,880","Lake Charles, LA
134 mi away",---,8-Speed Automatic,Bright White Clearcoat,Black,"20 MPG City
20 MPG Highway
20 MPG Combined","2.4 hr charge time, 21 mi range",375 hp 2L I4,Four-Wheel Drive,Gasoline,1C4JJXR6XNW266731,NW266731,New,"$62,575",Wrangler,Mark Dodge,"3777 Gerstner Memorial Blvd<br>Lake Charles, LA 70607",$196,"$62,575",
79,"$62,403","$65,065","Lake Charles, LA
134 mi away",---,8-Speed Automatic,Silver Zynith Clearcoat,Black,"20 MPG City
20 MPG Highway
20 MPG Combined","2.4 hr charge time, 21 mi range",375 hp 2L I4,Four-Wheel Drive,Gasoline,1C4JJXR60NW199508,NW199508,New,"$62,600",Wrangler,Mark Dodge,"3777 Gerstner Memorial Blvd<br>Lake Charles, LA 70607",$196,"$62,600",
80,"$62,730","$62,730","Boulder, CO
908 mi away",2 miles,8-Speed Automatic,Hydro Blue Pearl Coat,Black,"20 MPG City
20 MPG Highway
20 MPG Combined","2.4 hr charge time, 21 mi range",375 hp 2L I4,Four-Wheel Drive,Gasoline,1C4JJXP63NW250034,G220258,New,"$65,000",Wrangler,Fowler Jeep of Boulder,"5075 East Pearl Pkwy<br>Boulder, CO 80301","$2,270","$65,000",
81,"$62,649","$65,320","Lake Charles, LA
134 mi away",---,8-Speed Automatic,Brown (Limited Edition Gobi Clearcoat),Black,"20 MPG City
20 MPG Highway
20 MPG Combined","2.4 hr charge time, 21 mi range",375 hp 2L I4,Four-Wheel Drive,Gasoline,1C4JJXR61NW232659,NW232659,New,"$62,846",Wrangler,Mark Dodge,"3777 Gerstner Memorial Blvd<br>Lake Charles, LA 70607",$196,"$62,846",
82,"$62,860","$62,860","Tomball, TX
30 mi away",---,8-Speed Automatic,Black Clearcoat,Black (Clx9),"20 MPG City
20 MPG Highway
20 MPG Combined","2.4 hr charge time, 21 mi range",375 hp 2L I4,Four-Wheel Drive,Gasoline,1C4JJXP62NW279752,53921940,New,"$62,860",Wrangler,Tomball Dodge Chrysler Jeep,"23777 Highway 249<br>Tomball, TX 77375",,,
83,"$62,734","$64,275","Lake Charles, LA
134 mi away",---,8-Speed Automatic,Silver Zynith Clearcoat,Black,"20 MPG City
20 MPG Highway
20 MPG Combined","2.4 hr charge time, 21 mi range",375 hp 2L I4,Four-Wheel Drive,Gasoline,1C4JJXR68NW266730,NW266730,New,"$62,931",Wrangler,Mark Dodge,"3777 Gerstner Memorial Blvd<br>Lake Charles, LA 70607",$196,"$62,931",
84,"$62,810","$66,525","Lake Charles, LA
134 mi away",---,8-Speed Automatic,Gray (Granite Crystal Metallic Clearcoat),Black,"20 MPG City
20 MPG Highway
20 MPG Combined","2.4 hr charge time, 21 mi range",375 hp 2L I4,Four-Wheel Drive,Gasoline,1C4JJXR68NW185243,NW185243,New,"$63,007",Wrangler,Mark Dodge,"3777 Gerstner Memorial Blvd<br>Lake Charles, LA 70607",$196,"$63,007",
85,"$63,075","$61,075","Manvel, TX
12 mi away",10 miles,8-Speed Automatic,Silver Zynith Clearcoat,Black,"20 MPG City
20 MPG Highway
20 MPG Combined","2.4 hr charge time, 21 mi range",375 hp 2L I4,Four-Wheel Drive,Gasoline,1C4JJXP61NW213709,NW213709,New,"$63,075",Wrangler,Southfork Chrysler Dodge Jeep Ram,"17725 South Fwy<br>Manvel, TX 77578",,,
86,"$63,075","$63,075","Angleton, TX
36 mi away",---,8-Speed Automatic,Bright White Clearcoat,Black,"20 MPG City
20 MPG Highway
20 MPG Combined","2.4 hr charge time, 21 mi range",375 hp 2L I4,Four-Wheel Drive,Gasoline,1C4JJXP63NW206339,NW206339,New,"$63,075",Wrangler,Yaklin Chrysler Dodge Jeep Ram of Angleton,"1212 S Velasco St<br>Angleton, TX 77515",,,
87,"$63,170","$63,170","Houston, TX
13 mi away",0 miles,Automatic,Black,,"20 MPG City
20 MPG Highway
20 MPG Combined","2.4 hr charge time, 21 mi range",375 hp 2L I4,Four-Wheel Drive,Gasoline,1C4JJXR69NW107831,0J220604,New,"$63,170",Wrangler,Gillman Jeep,"10575 W Sam Houston Pkwy S<br>Houston, TX 77099",,,
88,"$63,158","$64,745","Lake Charles, LA
134 mi away",---,8-Speed Automatic,Sting-Gray Clearcoat,Black,"20 MPG City
20 MPG Highway
20 MPG Combined","2.4 hr charge time, 21 mi range",375 hp 2L I4,Four-Wheel Drive,Gasoline,1C4JJXR6XNW261397,NW261397,New,"$63,355",Wrangler,Mark Dodge,"3777 Gerstner Memorial Blvd<br>Lake Charles, LA 70607",$196,"$63,355",
89,"$63,490","$65,115","Lake Charles, LA
134 mi away",---,8-Speed Automatic,Firecracker Red Clearcoat,Black,"20 MPG City
20 MPG Highway
20 MPG Combined","2.4 hr charge time, 21 mi range",375 hp 2L I4,Four-Wheel Drive,Gasoline,1C4JJXR68NW172119,NW172119,New,"$63,687",Wrangler,Mark Dodge,"3777 Gerstner Memorial Blvd<br>Lake Charles, LA 70607",$196,"$63,687",
90,"$63,630","$65,270","Lake Charles, LA
134 mi away",---,8-Speed Automatic,Hydro Blue Pearl Coat,Black,"20 MPG City
20 MPG Highway
20 MPG Combined","2.4 hr charge time, 21 mi range",375 hp 2L I4,Four-Wheel Drive,Gasoline,1C4JJXR62NW238812,NW238812,New,"$63,827",Wrangler,Mark Dodge,"3777 Gerstner Memorial Blvd<br>Lake Charles, LA 70607",$196,"$63,827",
91,"$63,721","$66,510","Lake Charles, LA
134 mi away",---,8-Speed Automatic,Bright White Clearcoat,Black,"20 MPG City
20 MPG Highway
20 MPG Combined","2.4 hr charge time, 21 mi range",375 hp 2L I4,Four-Wheel Drive,Gasoline,1C4JJXR68NW210626,NW210626,New,"$63,918",Wrangler,Mark Dodge,"3777 Gerstner Memorial Blvd<br>Lake Charles, LA 70607",$196,"$63,918",
92,"$63,925","$61,925","Manvel, TX
12 mi away",5 miles,8-Speed Automatic,Gray (Granite Crystal Metallic Clearcoat),Black,"20 MPG City
20 MPG Highway
20 MPG Combined","2.4 hr charge time, 21 mi range",375 hp 2L I4,Four-Wheel Drive,Gasoline,1C4JJXP68NW213707,NW213707,New,"$63,925",Wrangler,Southfork Chrysler Dodge Jeep Ram,"17725 South Fwy<br>Manvel, TX 77578",,,
93,"$63,764","$65,420","Lake Charles, LA
134 mi away",---,8-Speed Automatic,Black Clearcoat,Black,"20 MPG City
20 MPG Highway
20 MPG Combined","2.4 hr charge time, 21 mi range",375 hp 2L I4,Four-Wheel Drive,Gasoline,1C4JJXR6XNW245975,NW245975,New,"$63,961",Wrangler,Mark Dodge,"3777 Gerstner Memorial Blvd<br>Lake Charles, LA 70607",$196,"$63,961",
94,"$64,181","$65,880","Lake Charles, LA
134 mi away",---,8-Speed Automatic,Hydro Blue Pearl Coat,Black,"20 MPG City
20 MPG Highway
20 MPG Combined","2.4 hr charge time, 21 mi range",375 hp 2L I4,Four-Wheel Drive,Gasoline,1C4JJXR6XNW191867,NW191867,New,"$64,378",Wrangler,Mark Dodge,"3777 Gerstner Memorial Blvd<br>Lake Charles, LA 70607",$196,"$64,378",
95,"$64,244","$67,110","Lake Charles, LA
134 mi away",---,8-Speed Automatic,Hydro Blue Pearl Coat,Black,"20 MPG City
20 MPG Highway
20 MPG Combined","2.4 hr charge time, 21 mi range",375 hp 2L I4,Four-Wheel Drive,Gasoline,1C4JJXR60NW153418,NW153418,New,"$64,441",Wrangler,Mark Dodge,"3777 Gerstner Memorial Blvd<br>Lake Charles, LA 70607",$196,"$64,441",
96,"$64,244","$67,110","Lake Charles, LA
134 mi away",---,8-Speed Automatic,Hydro Blue Pearl Coat,Black,"20 MPG City
20 MPG Highway
20 MPG Combined","2.4 hr charge time, 21 mi range",375 hp 2L I4,Four-Wheel Drive,Gasoline,1C4JJXR66NW153293,NW153293,New,"$64,441",Wrangler,Mark Dodge,"3777 Gerstner Memorial Blvd<br>Lake Charles, LA 70607",$196,"$64,441",
97,"$64,244","$67,110","Lake Charles, LA
134 mi away",---,8-Speed Automatic,Black Clearcoat,Black,"20 MPG City
20 MPG Highway
20 MPG Combined","2.4 hr charge time, 21 mi range",375 hp 2L I4,Four-Wheel Drive,Gasoline,1C4JJXR64NW153289,NW153289,New,"$64,441",Wrangler,Mark Dodge,"3777 Gerstner Memorial Blvd<br>Lake Charles, LA 70607",$196,"$64,441",
98,"$64,550","$62,550","Manvel, TX
12 mi away",5 miles,8-Speed Automatic,Silver Zynith Clearcoat,Dark Saddle/Black,"20 MPG City
20 MPG Highway
20 MPG Combined","2.4 hr charge time, 21 mi range",375 hp 2L I4,Four-Wheel Drive,Gasoline,1C4JJXP6XNW269759,NW269759,New,"$64,550",Wrangler,Southfork Chrysler Dodge Jeep Ram,"17725 South Fwy<br>Manvel, TX 77578",,,
99,"$64,497","$66,520","Lake Charles, LA
134 mi away",---,8-Speed Automatic,Silver Zynith Clearcoat,Black,"20 MPG City
20 MPG Highway
20 MPG Combined","2.4 hr charge time, 21 mi range",375 hp 2L I4,Four-Wheel Drive,Gasoline,1C4JJXP6XNW245963,NW245963,New,"$64,694",Wrangler,Mark Dodge,"3777 Gerstner Memorial Blvd<br>Lake Charles, LA 70607",$196,"$64,694",
100,"$64,539","$66,280","Lake Charles, LA
134 mi away",---,8-Speed Automatic,Bright White Clearcoat,Black,"20 MPG City
20 MPG Highway
20 MPG Combined","2.4 hr charge time, 21 mi range",375 hp 2L I4,Four-Wheel Drive,Gasoline,1C4JJXR68NW239527,NW239527,New,"$64,736",Wrangler,Mark Dodge,"3777 Gerstner Memorial Blvd<br>Lake Charles, LA 70607",$196,"$64,736",
101,"$64,679","$66,435","Lake Charles, LA
134 mi away",---,8-Speed Automatic,Black Clearcoat,Black,"20 MPG City
20 MPG Highway
20 MPG Combined","2.4 hr charge time, 21 mi range",375 hp 2L I4,Four-Wheel Drive,Gasoline,1C4JJXR68NW218757,NW218757,New,"$64,876",Wrangler,Mark Dodge,"3777 Gerstner Memorial Blvd<br>Lake Charles, LA 70607",$196,"$64,876",
102,"$64,900","$60,425","Liberty, TX
43 mi away",4 miles,Automatic,Hydro Blue Pearlcoat,Dark Saddle/Black,"20 MPG City
20 MPG Highway
20 MPG Combined","2.4 hr charge time, 21 mi range",375 hp 2L I4,Four-Wheel Drive,Gasoline,1C4JJXP65NW179192,NW179192,New,"$64,900",Wrangler,Crossroads Dodge Chrysler Jeep Ram,"320 Highway 146 Byp<br>Liberty, TX 77575",,,
103,"$64,823","$66,595","Lake Charles, LA
134 mi away",---,8-Speed Automatic,Silver Zynith Clearcoat,Black,"20 MPG City
20 MPG Highway
20 MPG Combined","2.4 hr charge time, 21 mi range",375 hp 2L I4,Four-Wheel Drive,Gasoline,1C4JJXR60NW236587,NW236587,New,"$65,020",Wrangler,Mark Dodge,"3777 Gerstner Memorial Blvd<br>Lake Charles, LA 70607",$196,"$65,020",
104,"$65,357","$67,475","Lake Charles, LA
134 mi away",---,8-Speed Automatic,Bright White Clearcoat,Black,"20 MPG City
20 MPG Highway
20 MPG Combined","2.4 hr charge time, 21 mi range",375 hp 2L I4,Four-Wheel Drive,Gasoline,1C4JJXP62NW208745,NW208745,New,"$65,554",Wrangler,Mark Dodge,"3777 Gerstner Memorial Blvd<br>Lake Charles, LA 70607",$196,"$65,554",
105,"$65,624","$68,625","Lake Charles, LA
134 mi away",---,8-Speed Automatic,Sting-Gray Clearcoat,Black,"20 MPG City
20 MPG Highway
20 MPG Combined","2.4 hr charge time, 21 mi range",375 hp 2L I4,Four-Wheel Drive,Gasoline,1C4JJXR61NW234170,NW234170,New,"$65,821",Wrangler,Mark Dodge,"3777 Gerstner Memorial Blvd<br>Lake Charles, LA 70607",$196,"$65,821",
106,"$65,888","$61,165","Houston, TX
11 mi away",0 miles,8-Speed Automatic Overdrive,Gray (Granite Crystal Metallic Clearcoat),Black,,"2.4 hr charge time, 21 mi range",375 hp 2L I4,Four-Wheel Drive,Gasoline,1C4JJXP64NW274973,NW274973,New,"$65,888",Wrangler,Helfman Dodge Chrysler Jeep Ram,"7720 Katy Freeway<br>Houston, TX 77024",,,
107,"$65,940","$65,940","Boulder, CO
908 mi away",2 miles,8-Speed Automatic,Yellow (High Velocity Clearcoat),Black,"20 MPG City
20 MPG Highway
20 MPG Combined","2.4 hr charge time, 21 mi range",375 hp 2L I4,Four-Wheel Drive,Gasoline,1C4JJXR66NW193311,G220247,New,"$68,210",Wrangler,Fowler Jeep of Boulder,"5075 East Pearl Pkwy<br>Boulder, CO 80301","$2,270","$68,210",
108,"$66,130","$66,130","Houston, TX
3 mi away",---,8-Speed Automatic,Bright White Clearcoat,Black,"20 MPG City
20 MPG Highway
20 MPG Combined","2.4 hr charge time, 21 mi range",375 hp 2L I4,Four-Wheel Drive,Gasoline,1C4JJXR68NW218449,252029,New,"$66,130",Wrangler,Fowler Jeep of Boulder,"5075 East Pearl Pkwy<br>Boulder, CO 80301",,,
109,"$66,133","$68,050","Lake Charles, LA
134 mi away",---,8-Speed Automatic,Black Clearcoat,Black,"20 MPG City
20 MPG Highway
20 MPG Combined","2.4 hr charge time, 21 mi range",375 hp 2L I4,Four-Wheel Drive,Gasoline,1C4JJXR61NW220270,NW220270,New,"$66,330",Wrangler,Mark Dodge,"3777 Gerstner Memorial Blvd<br>Lake Charles, LA 70607",$196,"$66,330",
110,"$66,136","$68,055","Lake Charles, LA
134 mi away",---,8-Speed Automatic,Gray (Granite Crystal Metallic Clearcoat),Black,"20 MPG City
20 MPG Highway
20 MPG Combined","2.4 hr charge time, 21 mi range",375 hp 2L I4,Four-Wheel Drive,Gasoline,1C4JJXR62NW222609,NW222609,New,"$66,333",Wrangler,Mark Dodge,"3777 Gerstner Memorial Blvd<br>Lake Charles, LA 70607",$196,"$66,333",
111,"$66,560","$66,560","Tomball, TX
30 mi away",---,8-Speed Automatic,Sting-Gray Clearcoat,Gray (Alx9),"20 MPG City
20 MPG Highway
20 MPG Combined","2.4 hr charge time, 21 mi range",375 hp 2L I4,Four-Wheel Drive,Gasoline,1C4JJXR63NW228340,52790825,New,"$66,560",Wrangler,Tomball Dodge Chrysler Jeep,"23777 Highway 249<br>Tomball, TX 77375",,,
112,"$66,703","$68,685","Lake Charles, LA
134 mi away",---,8-Speed Automatic,Sting-Gray Clearcoat,Black,"20 MPG City
20 MPG Highway
20 MPG Combined","2.4 hr charge time, 21 mi range",375 hp 2L I4,Four-Wheel Drive,Gasoline,1C4JJXR66NW233340,NW233340,New,"$66,900",Wrangler,Mark Dodge,"3777 Gerstner Memorial Blvd<br>Lake Charles, LA 70607",$196,"$66,900",
113,"$66,726","$68,710","Lake Charles, LA
134 mi away",---,8-Speed Automatic,Sting-Gray Clearcoat,Black,"20 MPG City
20 MPG Highway
20 MPG Combined","2.4 hr charge time, 21 mi range",375 hp 2L I4,Four-Wheel Drive,Gasoline,1C4JJXR62NW259840,NW259840,New,"$66,923",Wrangler,Mark Dodge,"3777 Gerstner Memorial Blvd<br>Lake Charles, LA 70607",$196,"$66,923",
114,"$66,798","$68,790","Lake Charles, LA
134 mi away",---,8-Speed Automatic,Bright White Clearcoat,Black,"20 MPG City
20 MPG Highway
20 MPG Combined","2.4 hr charge time, 21 mi range",375 hp 2L I4,Four-Wheel Drive,Gasoline,1C4JJXR65NW183000,NW183000,New,"$66,995",Wrangler,Mark Dodge,"3777 Gerstner Memorial Blvd<br>Lake Charles, LA 70607",$196,"$66,995",
115,"$67,105","$67,105","Houston, TX
24 mi away",2 miles,Automatic,Yellow (High Velocity Clearcoat),Black,"20 MPG City
20 MPG Highway
20 MPG Combined","2.4 hr charge time, 21 mi range",375 hp 2L I4,Four-Wheel Drive,Gasoline,1C4JJXR66NW229451,NW229451,New,"$67,105",Wrangler,Northwest Chrysler Jeep Dodge,"19616 Northwest Fwy<br>Houston, TX 77065",,,
116,"$66,918","$70,060","Lake Charles, LA
134 mi away",---,8-Speed Automatic,Silver Zynith Clearcoat,Black,"20 MPG City
20 MPG Highway
20 MPG Combined","2.4 hr charge time, 21 mi range",375 hp 2L I4,Four-Wheel Drive,Gasoline,1C4JJXR62NW191894,NW191894,New,"$67,115",Wrangler,Mark Dodge,"3777 Gerstner Memorial Blvd<br>Lake Charles, LA 70607",$196,"$67,115",
117,"$67,560","$67,560","Tomball, TX
30 mi away",---,8-Speed Automatic,Silver Zynith Clearcoat,Black,"20 MPG City
20 MPG Highway
20 MPG Combined","2.4 hr charge time, 21 mi range",375 hp 2L I4,Four-Wheel Drive,Gasoline,1C4JJXR65NW205559,W205559,New,"$67,560",Wrangler,Tomball Dodge Chrysler Jeep,"23777 Highway 249<br>Tomball, TX 77375",,,
118,"$68,090","$70,225","Lake Charles, LA
134 mi away",---,8-Speed Automatic,Sting-Gray Clearcoat,Black,"20 MPG City
20 MPG Highway
20 MPG Combined","2.4 hr charge time, 21 mi range",375 hp 2L I4,Four-Wheel Drive,Gasoline,1C4JJXR66NW214819,NW214819,New,"$68,287",Wrangler,Mark Dodge,"3777 Gerstner Memorial Blvd<br>Lake Charles, LA 70607",$196,"$68,287",
119,"$67,935","$67,935","Lamesa, TX
445 mi away",15 miles,8-Speed Automatic,Bright White Clearcoat,Black,"20 MPG City
20 MPG Highway
20 MPG Combined","2.4 hr charge time, 21 mi range",375 hp 2L I4,Four-Wheel Drive,Gasoline,1C4JJXR61NW152861,NW152861,New,"$68,381",Wrangler,Premier CDJR of Lamesa,"1611 Lubbock Hwy<br>Lamesa, TX 79331",$446,"$68,381",
120,"$68,287","$70,445","Lake Charles, LA
134 mi away",---,8-Speed Automatic,Sarge Green Clearcoat,Black,"20 MPG City
20 MPG Highway
20 MPG Combined","2.4 hr charge time, 21 mi range",375 hp 2L I4,Four-Wheel Drive,Gasoline,1C4JJXR6XNW239562,NW239562,New,"$68,484",Wrangler,Mark Dodge,"3777 Gerstner Memorial Blvd<br>Lake Charles, LA 70607",$196,"$68,484",
121,"$68,445","$70,620","Lake Charles, LA
134 mi away",---,8-Speed Automatic,Black Clearcoat,Black,"20 MPG City
20 MPG Highway
20 MPG Combined","2.4 hr charge time, 21 mi range",375 hp 2L I4,Four-Wheel Drive,Gasoline,1C4JJXR6XNW245653,NW245653,New,"$68,642",Wrangler,Mark Dodge,"3777 Gerstner Memorial Blvd<br>Lake Charles, LA 70607",$196,"$68,642",
122,"$68,885","$68,885","Houston, TX
7 mi away",0 miles,8-Speed Automatic Overdrive,Brown (Limited Edition Gobi Clearcoat),Black,,"2.4 hr charge time, 21 mi range",375 hp 2L I4,Four-Wheel Drive,Gasoline,1C4JJXR67NW233797,NW233797,New,"$68,885",Wrangler,River Oaks Chrysler Jeep Dodge Ram,"4807 Kirby Drive<br>Houston, TX 77098",,,
123,"$69,888","$64,480","Houston, TX
11 mi away",0 miles,8-Speed Automatic Overdrive,Brown (Limited Edition Gobi Clearcoat),Black,,"2.4 hr charge time, 21 mi range",375 hp 2L I4,Four-Wheel Drive,Gasoline,1C4JJXP6XNW271396,NW271396,New,"$69,888",Wrangler,Helfman Dodge Chrysler Jeep Ram,"7720 Katy Freeway<br>Houston, TX 77024",,,
124,"$70,030","$70,030","Houston, TX
7 mi away",0 miles,8-Speed Automatic Overdrive,Gray (Granite Crystal Metallic Clearcoat),Black,,"2.4 hr charge time, 21 mi range",375 hp 2L I4,Four-Wheel Drive,Gasoline,1C4JJXR63NW236132,NW236132,New,"$70,030",Wrangler,River Oaks Chrysler Jeep Dodge Ram,"4807 Kirby Drive<br>Houston, TX 77098",,,
125,"$69,952","$72,295","Lake Charles, LA
134 mi away",---,8-Speed Automatic,Hydro Blue Pearl Coat,Black,"20 MPG City
20 MPG Highway
20 MPG Combined","2.4 hr charge time, 21 mi range",375 hp 2L I4,Four-Wheel Drive,Gasoline,1C4JJXR6XNW233776,NW233776,New,"$70,149",Wrangler,Mark Dodge,"3777 Gerstner Memorial Blvd<br>Lake Charles, LA 70607",$196,"$70,149",
126,"$71,195","$71,195","Houston, TX
24 mi away",2 miles,Automatic,Brown (Limited Edition Gobi Clearcoat),Black,"20 MPG City
20 MPG Highway
20 MPG Combined","2.4 hr charge time, 21 mi range",375 hp 2L I4,Four-Wheel Drive,Gasoline,1C4JJXR6XNW229453,NW229453,New,"$71,195",Wrangler,Northwest Chrysler Jeep Dodge,"19616 Northwest Fwy<br>Houston, TX 77065",,,
127,"$71,182","$73,660","Lake Charles, LA
134 mi away",---,8-Speed Automatic,Black Clearcoat,Black,"20 MPG City
20 MPG Highway
20 MPG Combined","2.4 hr charge time, 21 mi range",375 hp 2L I4,Four-Wheel Drive,Gasoline,1C4JJXR69NW249709,NW249709,New,"$71,379",Wrangler,Mark Dodge,"3777 Gerstner Memorial Blvd<br>Lake Charles, LA 70607",$196,"$71,379",
128,"$71,817","$74,365","Lake Charles, LA
134 mi away",---,8-Speed Automatic,Gray (Granite Crystal Metallic Clearcoat),Black,"20 MPG City
20 MPG Highway
20 MPG Combined","2.4 hr charge time, 21 mi range",375 hp 2L I4,Four-Wheel Drive,Gasoline,1C4JJXR64NW158590,NW158590,New,"$72,014",Wrangler,Mark Dodge,"3777 Gerstner Memorial Blvd<br>Lake Charles, LA 70607",$196,"$72,014",
129,"$72,351","$74,960","Lake Charles, LA
134 mi away",---,8-Speed Automatic,Sarge Green Clearcoat,Black,"20 MPG City
20 MPG Highway
20 MPG Combined","2.4 hr charge time, 21 mi range",375 hp 2L I4,Four-Wheel Drive,Gasoline,1C4JJXR68NW245652,NW245652,New,"$72,548",Wrangler,Mark Dodge,"3777 Gerstner Memorial Blvd<br>Lake Charles, LA 70607",$196,"$72,548",
130,"$72,935","$70,935","Manvel, TX
12 mi away",5 miles,8-Speed Automatic,Brown (Limited Edition Gobi Clearcoat),Black,"20 MPG City
20 MPG Highway
20 MPG Combined","2.4 hr charge time, 21 mi range",375 hp 2L I4,Four-Wheel Drive,Gasoline,1C4JJXR68NW267084,NW267084,New,"$72,935",Wrangler,Southfork Chrysler Dodge Jeep Ram,"17725 South Fwy<br>Manvel, TX 77578",,,
131,"$74,888","$70,970","Houston, TX
11 mi away",0 miles,8-Speed Automatic Overdrive,Hydro Blue Pearlcoat,Black,,"2.4 hr charge time, 21 mi range",375 hp 2L I4,Four-Wheel Drive,Gasoline,1C4JJXR64NW250458,NW250458,New,"$74,888",Wrangler,Helfman Dodge Chrysler Jeep Ram,"7720 Katy Freeway<br>Houston, TX 77024",,,
132,"$75,888","$70,055","Houston, TX
11 mi away",0 miles,8-Speed Automatic Overdrive,Bright White Clearcoat,Dark Saddle/Black,,"2.4 hr charge time, 21 mi range",375 hp 2L I4,Four-Wheel Drive,Gasoline,1C4JJXR68NW107870,NW107870,New,"$75,888",Wrangler,Helfman Dodge Chrysler Jeep Ram,"7720 Katy Freeway<br>Houston, TX 77024",,,
133,"$77,888","$73,055","Houston, TX
11 mi away",0 miles,8-Speed Automatic Overdrive,Gray (Granite Crystal Metallic Clearcoat),Dark Saddle/Black,,"2.4 hr charge time, 21 mi range",375 hp 2L I4,Four-Wheel Drive,Gasoline,1C4JJXR65NW158825,NW158825,New,"$77,888",Wrangler,Helfman Dodge Chrysler Jeep Ram,"7720 Katy Freeway<br>Houston, TX 77024",,,
134,No Price Listed,Not Provided,"Conroe, TX
47 mi away",5 miles,8-Speed Automatic,Black Clearcoat,Black,"20 MPG City
20 MPG Highway
20 MPG Combined","2.4 hr charge time, 21 mi range",375 hp 2L I4,Four-Wheel Drive,Gasoline,1C4JJXP62NW148918,J44154,New,4WD,Wrangler,DeMontrond Chrysler Dodge Jeep Ram in Conroe,"888 1-45 S.<br>Conroe, TX 77304",,,
135,"$38,878","$38,878","Spring, TX
28 mi away",5 miles,Automatic,White,White (Ivory),"18 MPG City
24 MPG Highway
20 MPG Combined",,348 hp 3.5L V6,4X2,Gasoline,5TFKB5AA2NX012284,NX012284,New,"$38,878",Tundra,Fred Haas Toyota World,"20400 Interstate 45<br>Spring, TX 77373",,,Crew Cab
136,"$38,878","$38,878","Spring, TX
28 mi away",5 miles,Automatic,White,White (Ivory),"18 MPG City
24 MPG Highway
20 MPG Combined",,348 hp 3.5L V6,4X2,Gasoline,5TFKB5AA4NX012271,NX012271,New,"$38,878",Tundra,Fred Haas Toyota World,"20400 Interstate 45<br>Spring, TX 77373",,,Crew Cab
137,"$42,220","$42,220","Katy, TX
26 mi away",---,Automatic,White,Black (Blk Fabric),"18 MPG City
24 MPG Highway
20 MPG Combined",,348 hp 3.5L V6,4X2,Gasoline,5TFKB5AB8NX011732,K36286,New,"$42,220",Tundra,Toyota of Katy,"21555 Katy Freeway<br>Katy, TX 77450",,,Large Crew Cab
138,"$45,101","$45,101","Houston, TX
5 mi away",---,Automatic,Silver,Black (Blk Fabric),"17 MPG City
23 MPG Highway
19 MPG Combined",,348 hp 3.5L V6,Four-Wheel Drive,Gasoline,5TFKB5DB1NX038833,221916,New,"$45,101",Tundra,Mike Calvert Toyota,"2333 South Loop West<br>Houston, TX 77054",,,Large Crew Cab
139,"$46,719","$46,719","Houston, TX
26 mi away",7 miles,Automatic,White,Black,"17 MPG City
23 MPG Highway
19 MPG Combined",,348 hp 3.5L V6,Four-Wheel Drive,Gasoline,5TFKB5DB8NX039381,NX039381,New,"$46,719",Tundra,Fred Haas Toyota Country,"22435 State Highway 249<br>Houston, TX 77070",,,Large Crew Cab
140,"$47,381","$47,381","Spring, TX
28 mi away",5 miles,Automatic,Black,White (Ivory),"18 MPG City
24 MPG Highway
20 MPG Combined",,389 hp 3.5L V6,4X2,Gasoline,5TFLA5AA6NX012876,NX012876,New,"$47,381",Tundra,Fred Haas Toyota World,"20400 Interstate 45<br>Spring, TX 77373",,,Crew Cab
141,"$47,976","$47,976","Spring, TX
28 mi away",5 miles,Automatic,Celestial Silver Metallic,Black,"18 MPG City
24 MPG Highway
20 MPG Combined",,389 hp 3.5L V6,4X2,Gasoline,5TFLA5AB8NX007963,NX007963,New,"$47,976",Tundra,Fred Haas Toyota World,"20400 Interstate 45<br>Spring, TX 77373",,,Large Crew Cab
142,"$48,905","$48,905","Conroe, TX
45 mi away",---,Automatic,01j9silver,Fb21/Black,"18 MPG City
24 MPG Highway
20 MPG Combined",,389 hp 3.5L V6,4X2,Gasoline,5TFLA5BC3NX001849,Y21384,New,"$48,905",Tundra,Gullo Toyota of Conroe,"500 I-45 South<br>Conroe, TX 77304",,,Large Crew Cab
143,"$50,401","$48,906","Richmond, TX
23 mi away",5 miles,Automatic,01G3,,"18 MPG City
24 MPG Highway
20 MPG Combined",,389 hp 3.5L V6,4X2,Gasoline,5TFLA5AB5NX013171,NX013171,New,"$50,401",Tundra,Sterling McCall Toyota Fort Bend,"20465 Southwest Freeway<br>Richmond, TX 77469",,,Large Crew Cab
144,"$48,957","$48,957","Katy, TX
26 mi away",---,Automatic,White,Black (Blk Fabric),"18 MPG City
24 MPG Highway
20 MPG Combined",,389 hp 3.5L V6,4X2,Gasoline,5TFLA5AB1NX012082,K36299,New,"$48,957",Tundra,Toyota of Katy,"21555 Katy Freeway<br>Katy, TX 77450",,,Large Crew Cab
145,"$48,984","$48,984","Spring, TX
28 mi away",5 miles,Automatic,Black,White (Ivory),"18 MPG City
24 MPG Highway
20 MPG Combined",,389 hp 3.5L V6,4X2,Gasoline,5TFLA5BC7NX001966,NX001966,New,"$48,984",Tundra,Fred Haas Toyota World,"20400 Interstate 45<br>Spring, TX 77373",,,Large Crew Cab
146,"$49,036","$49,036","Spring, TX
28 mi away",5 miles,Automatic,Black,White (Ivory),"18 MPG City
24 MPG Highway
20 MPG Combined",,389 hp 3.5L V6,4X2,Gasoline,5TFLA5AB2NX012852,NX012852,New,"$49,036",Tundra,Fred Haas Toyota World,"20400 Interstate 45<br>Spring, TX 77373",,,Large Crew Cab
147,"$48,957","$48,957","Arlington, TX
237 mi away",1 miles,Automatic,Army Green,,"18 MPG City
24 MPG Highway
20 MPG Combined",,389 hp 3.5L V6,4X2,Gasoline,5TFLA5AB3NX111468,B11A468,New,"$49,194",Tundra,Family Toyota of Arlington,"1661 Wet N Wild Way<br>Arlington, TX 76011",$237,"$49,194",Large Crew Cab
148,"$49,409","$49,409","Spring, TX
28 mi away",5 miles,Automatic,Red,White (Ivory),"18 MPG City
24 MPG Highway
20 MPG Combined",,389 hp 3.5L V6,4X2,Gasoline,5TFLA5BC2NX001972,NX001972,New,"$49,409",Tundra,Fred Haas Toyota World,"20400 Interstate 45<br>Spring, TX 77373",,,Large Crew Cab
149,"$53,061","$51,566","Richmond, TX
23 mi away",5 miles,Automatic,06V7,,"18 MPG City
24 MPG Highway
20 MPG Combined",,389 hp 3.5L V6,4X2,Gasoline,5TFLA5AB0NX011859,NX011859,New,"$53,061",Tundra,Sterling McCall Toyota Fort Bend,"20465 Southwest Freeway<br>Richmond, TX 77469",,,Large Crew Cab
150,"$51,910","$51,910","Katy, TX
26 mi away",---,Automatic,Red,Black (Blk Fabric),"17 MPG City
23 MPG Highway
19 MPG Combined",,389 hp 3.5L V6,Four-Wheel Drive,Gasoline,5TFLA5EC3NX007307,K36232,New,"$51,910",Tundra,Toyota of Katy,"21555 Katy Freeway<br>Katy, TX 77450",,,Large Crew Cab
151,"$51,946","$50,451","Houston, TX
12 mi away",5 miles,,Supersonic Red,,"17 MPG City
23 MPG Highway
19 MPG Combined",,389 hp 3.5L V6,Four-Wheel Drive,Gasoline,5TFLA5DA3NX035933,NX035933,New,"$51,946",Tundra,Sterling Mccall Toyota,"9400 Southwest Freeway<br>Houston, TX 77074",,,Crew Cab
152,"$52,044","$52,044","Spring, TX
28 mi away",5 miles,Automatic,Gray,White (Ivory),"18 MPG City
24 MPG Highway
20 MPG Combined",,389 hp 3.5L V6,4X2,Gasoline,5TFLA5AB8NX012144,NX012144,New,"$52,044",Tundra,Fred Haas Toyota World,"20400 Interstate 45<br>Spring, TX 77373",,,Large Crew Cab
153,"$52,044","$52,044","Spring, TX
28 mi away",19 miles,Automatic,Blue,White (Ivory),"18 MPG City
24 MPG Highway
20 MPG Combined",,389 hp 3.5L V6,4X2,Gasoline,5TFLA5ABXNX010962,NX010962,New,"$52,044",Tundra,Fred Haas Toyota World,"20400 Interstate 45<br>Spring, TX 77373",,,Large Crew Cab
154,"$52,471","$52,471","Angleton, TX
33 mi away",5 miles,Automatic,,,"17 MPG City
23 MPG Highway
19 MPG Combined",,389 hp 3.5L V6,Four-Wheel Drive,Gasoline,5TFLA5DBXNX039387,X039387,New,"$52,471",Tundra,Fred Haas Toyota World,"20400 Interstate 45<br>Spring, TX 77373",,,Large Crew Cab
155,"$55,733","$55,733","Houston, TX
18 mi away",---,Automatic,Green,Black (Blk Fabric),"18 MPG City
24 MPG Highway
20 MPG Combined",,389 hp 3.5L V6,4X2,Gasoline,5TFLA5AB1NX011014,87883,New,"$55,733",Tundra,Don McGill Toyota of Houston,"11800 Katy Freeway<br>Houston, TX 77079",,,Large Crew Cab
156,"$56,014","$56,014","Conroe, TX
45 mi away",---,Automatic,Magnetic Gray Metallic,Ea21/Black,"17 MPG City
23 MPG Highway
19 MPG Combined",,389 hp 3.5L V6,Four-Wheel Drive,Gasoline,5TFLA5DB5NX038549,Y21415,New,"$56,014",Tundra,Gullo Toyota of Conroe,"500 I-45 South<br>Conroe, TX 77304",,,Large Crew Cab
157,"$56,114","$56,114","Conroe, TX
45 mi away",---,Automatic,Magnetic Gray Metallic,Ea21/Black,"17 MPG City
23 MPG Highway
19 MPG Combined",,389 hp 3.5L V6,Four-Wheel Drive,Gasoline,5TFLA5DB1NX038189,Y21416,New,"$56,114",Tundra,Gullo Toyota of Conroe,"500 I-45 South<br>Conroe, TX 77304",,,Large Crew Cab
158,"$56,114","$56,114","Conroe, TX
45 mi away",---,Automatic,06v7green,Ea13/,"17 MPG City
23 MPG Highway
19 MPG Combined",,389 hp 3.5L V6,Four-Wheel Drive,Gasoline,5TFLA5DB1NX041562,Y21484,New,"$56,114",Tundra,Gullo Toyota of Conroe,"500 I-45 South<br>Conroe, TX 77304",,,Large Crew Cab
159,"$57,556","$57,556","Conroe, TX
45 mi away",7 miles,Automatic,08x8blue,Ea13/,"17 MPG City
23 MPG Highway
19 MPG Combined",,389 hp 3.5L V6,Four-Wheel Drive,Gasoline,5TFJA5DB6NX037854,Y21408,New,"$57,556",Tundra,Gullo Toyota of Conroe,"500 I-45 South<br>Conroe, TX 77304",,,Large Crew Cab
160,"$65,378","$65,378","Katy, TX
26 mi away",---,Automatic,Brown (Smoked Mesquite),Black (Blk),"17 MPG City
23 MPG Highway
19 MPG Combined",,389 hp 3.5L V6,Four-Wheel Drive,Gasoline,5TFJA5DB5NX039949,K36325,New,"$65,378",Tundra,Toyota of Katy,"21555 Katy Freeway<br>Katy, TX 77450",,,Large Crew Cab
161,"$58,970","$58,970","Houston, TX
18 mi away",---,Automatic,Gray (Lunar),Black (Blk),"18 MPG City
24 MPG Highway
20 MPG Combined",,389 hp 3.5L V6,4X2,Gasoline,5TFLA5AB1NX012938,87901,New,"$58,970",Tundra,Don McGill Toyota of Houston,"11800 Katy Freeway<br>Houston, TX 77079",,,Large Crew Cab
162,"$58,640","$58,640","Laredo, TX
289 mi away",0 miles,Automatic,Silver (MIDNIGHT-BLACK METALLIC),,"18 MPG City
24 MPG Highway
20 MPG Combined",,437 hp 3.5L V6 Hybrid,4X2,Hybrid,5TFJC5AB0NX001141,T220016,New,"$59,075",Tundra,Toyota of Laredo,"6324 Bob Bullock Loop<br>Laredo, TX 78041",$435,"$59,075",Large Crew Cab
163,"$60,713","$59,218","Richmond, TX
23 mi away",5 miles,Automatic,01J9,,"17 MPG City
23 MPG Highway
19 MPG Combined",,389 hp 3.5L V6,Four-Wheel Drive,Gasoline,5TFJA5EC3NX008111,NX008111,New,"$60,713",Tundra,Sterling McCall Toyota Fort Bend,"20465 Southwest Freeway<br>Richmond, TX 77469",,,Large Crew Cab
164,"$59,233","$59,233","Conroe, TX
45 mi away",---,Automatic,,,"18 MPG City
24 MPG Highway
20 MPG Combined",,437 hp 3.5L V6 Hybrid,4X2,Hybrid,5TFJC5AB2NX001125,Y21469,New,"$59,233",Tundra,Gullo Toyota of Conroe,"500 I-45 South<br>Conroe, TX 77304",,,Large Crew Cab
165,"$60,242","$60,242","Conroe, TX
45 mi away",---,Automatic,,,"17 MPG City
23 MPG Highway
19 MPG Combined",,437 hp 3.5L V6 Hybrid,Four-Wheel Drive,Hybrid,5TFJC5DB8NX004686,Y21485,New,"$60,242",Tundra,Gullo Toyota of Conroe,"500 I-45 South<br>Conroe, TX 77304",,,Large Crew Cab
166,"$59,949","$59,949","Laredo, TX
289 mi away",5 miles,Automatic,Gray (Lunar Rock),,"17 MPG City
23 MPG Highway
19 MPG Combined",,389 hp 3.5L V6,Four-Wheel Drive,Gasoline,5TFJA5DB5NX014601,RT133,New,"$60,384",Tundra,"Powell Watson Motors, Inc.","6301 Arena Blvd<br>Laredo, TX 78041",$435,"$60,384",Large Crew Cab
167,"$62,052","$62,052","Conroe, TX
45 mi away","4,359 miles",Automatic,Midnight Black Metallic,Black (Lb44/),"18 MPG City
24 MPG Highway
20 MPG Combined",,389 hp 3.5L V6,4X2,Gasoline,5TFMA5AB2NX006201,Y20794,New,"$62,052",Tundra,Gullo Toyota of Conroe,"500 I-45 South<br>Conroe, TX 77304",,,Large Crew Cab
168,"$62,325","$62,325","Conroe, TX
45 mi away",---,Automatic,08x8blue,La21/Black,"18 MPG City
24 MPG Highway
20 MPG Combined",,389 hp 3.5L V6,4X2,Gasoline,5TFNA5ABXNX011988,Y21413,New,"$62,325",Tundra,Gullo Toyota of Conroe,"500 I-45 South<br>Conroe, TX 77304",,,Large Crew Cab
169,"$66,645","$66,645","Houston, TX
18 mi away",---,Automatic,White,White (Boulder),"18 MPG City
24 MPG Highway
20 MPG Combined",,389 hp 3.5L V6,4X2,Gasoline,5TFLA5ABXNX011111,87768,New,"$66,645",Tundra,Don McGill Toyota of Houston,"11800 Katy Freeway<br>Houston, TX 77079",,,Large Crew Cab
170,"$67,771","$67,771","Conroe, TX
45 mi away",---,Automatic,03u5red,Lb41/,"17 MPG City
23 MPG Highway
19 MPG Combined",,389 hp 3.5L V6,Four-Wheel Drive,Gasoline,5TFMA5DB1NX036740,Y21392,New,"$67,771",Tundra,Gullo Toyota of Conroe,"500 I-45 South<br>Conroe, TX 77304",,,Large Crew Cab
171,"$68,600","$68,600","Conroe, TX
45 mi away",5 miles,Automatic,,,"17 MPG City
23 MPG Highway
19 MPG Combined",,437 hp 3.5L V6 Hybrid,Four-Wheel Drive,Hybrid,5TFPC5DB5NX004915,Y21156,New,"$68,600",Tundra,Gullo Toyota of Conroe,"500 I-45 South<br>Conroe, TX 77304",,,Large Crew Cab
172,"$68,748","$67,253","Richmond, TX
23 mi away",10 miles,Automatic,Supersonic Red,,"17 MPG City
23 MPG Highway
19 MPG Combined",,389 hp 3.5L V6,Four-Wheel Drive,Gasoline,5TFMA5DB6NX034823,NX034823,New,"$68,748",Tundra,Sterling McCall Toyota Fort Bend,"20465 Southwest Freeway<br>Richmond, TX 77469",,,Large Crew Cab
173,"$78,001","$78,001","Conroe, TX
45 mi away",6 miles,Automatic,,,"17 MPG City
23 MPG Highway
19 MPG Combined",,437 hp 3.5L V6 Hybrid,Four-Wheel Drive,Hybrid,5TFVC5DB5NX002511,Y21198,New,"$78,001",Tundra,Gullo Toyota of Conroe,"500 I-45 South<br>Conroe, TX 77304",,,Large Crew Cab
174,"$78,426","$78,426","Houston, TX
5 mi away",---,Automatic,White (Wind Chill Prl),Black (Blk/Wht Semi-Aniline Lth),"17 MPG City
23 MPG Highway
19 MPG Combined",,437 hp 3.5L V6 Hybrid,Four-Wheel Drive,Hybrid,5TFVC5DB8NX002583,221616,New,"$78,426",Tundra,Mike Calvert Toyota,"2333 South Loop West<br>Houston, TX 77054",,,Large Crew Cab
175,"$78,990",Not Provided,"Houston, TX
11 mi away",248 miles,Automatic,Gray,Black,"17 MPG City
23 MPG Highway
19 MPG Combined",,389 hp 3.5L V6,Four-Wheel Drive,Gasoline,5TFLA5DB1NX019691,,New,"$78,990",Tundra,Mike Calvert Toyota,"2333 South Loop West<br>Houston, TX 77054",,,"Large Crew Cab, Short Bed"
